timestamp,open,high,low,close,volume
2017-11-01,1845.45,1846.12,1827.97,1832.52,40494600.0
2017-11-02,1832.52,1832.71,1813.99,1818.26,44623800.0
2017-11-05,1818.26,1822.12,1781.66,1787.67,73344496.0
2017-11-06,1787.67,1805.88,1775.88,1776.45,59516100.0
2017-11-07,1776.45,1790.65,1758.34,1758.78,51459200.0
2017-11-08,1758.78,1759.61,1727.16,1737.2,55760000.0
2017-11-09,1737.2,1758.57,1718.27,1738.5,79774304.0
2017-11-12,1738.5,1743.17,1716.67,1739.78,40810600.0
2017-11-13,1739.78,1750.87,1728.51,1750.77,51062200.0
2017-11-14,1750.77,1817.77,1750.14,1809.62,72696704.0
2017-11-15,1809.62,1821.54,1789.14,1791.48,85170704.0
2017-11-16,1791.48,1791.25,1771.25,1777.7,45789700.0
2017-11-19,1777.7,1777.7,1745.25,1752.83,34177500.0
2017-11-20,1752.83,1754.09,1740.61,1742.07,32349900.0
2017-11-21,1742.07,1753.76,1736.49,1745.36,32723400.0
2017-11-22,1742.07,1758.8,1743.73,1751.96,0.0
2017-11-23,1751.96,1777.97,1751.78,1776.35,65635300.0
2017-11-26,1776.35,1806.13,1776.35,1804.87,66891500.0
2017-11-27,1804.87,1816.72,1798.92,1802.08,88553504.0
2017-11-28,1802.08,1815.95,1798.23,1815.95,114906000.0
2017-11-29,1815.95,1875.75,1814.25,1857.57,136644000.0
2017-11-30,1857.57,1864.76,1840.57,1863.64,94417504.0
2017-12-04,1863.64,1877.13,1842.18,1843.58,75419696.0
2017-12-05,1843.58,1853.3,1835.26,1850.19,35471100.0
2017-12-06,1850.19,1874.77,1849.52,1874.77,77257696.0
2017-12-10,1874.77,1901.53,1853.58,1854.43,73264704.0
2017-12-11,1854.43,1856.72,1845.42,1848.96,41989000.0
2017-12-12,1848.96,1849.36,1826.15,1828.33,51899600.0
2017-12-13,1828.33,1842.91,1820.31,1842.89,31193700.0
2017-12-14,1842.89,1845.48,1837.18,1845.48,72623400.0
2017-12-17,1845.48,1847.12,1831.19,1833.02,105989000.0
2017-12-18,1833.02,1841.97,1828.8,1830.98,74447000.0
2017-12-19,1833.02,1833.22,1809.58,1810.75,51964800.0
2017-12-20,1810.75,1812.19,1797.11,1803.13,42607500.0
2017-12-21,1803.13,1807.23,1781.32,1782.08,42849900.0
2017-12-24,1782.08,1797.89,1778.12,1778.73,68418200.0
2017-12-26,1778.73,1778.26,1744.54,1746.06,55520800.0
2017-12-27,1746.06,1746.01,1716.7,1722.34,50564500.0
2017-12-28,1722.34,1742.45,1708.84,1719.25,53549600.0
2017-12-31,1719.25,1720.55,1675.59,1681.73,65363900.0
2018-01-01,1386.33,1392.66,1378.59,1389.16,27514600.0
2018-01-02,1751.2,1766.17,1731.83,1742.94,74621200.0
2018-01-03,1742.94,1745.02,1712.3,1716.26,50646500.0
2018-01-04,1716.26,1725.29,1705.97,1724.54,41762000.0
2018-01-07,1724.54,1752.43,1722.61,1745.14,28624900.0
2018-01-08,1745.14,1753.72,1740.12,1747.99,49410300.0
2018-01-09,1747.99,1769.35,1747.76,1765.94,41413000.0
2018-01-10,1765.94,1765.94,1739.49,1741.97,47036800.0
2018-01-14,1741.97,1744.33,1711.62,1715.67,51281900.0
2018-01-16,1715.67,1719.43,1693.47,1697.97,33859400.0
2018-01-17,1697.97,1706.46,1687.28,1701.98,29166200.0
2018-01-21,1701.98,1702.87,1688.34,1689.81,50106400.0
2018-01-22,1689.81,1689.81,1675.35,1676.52,56288400.0
2018-01-23,1676.52,1677.79,1664.61,1667.31,35202900.0
2018-01-24,1667.31,1671.99,1660.15,1664.69,22640700.0
2018-01-25,1664.69,1687.12,1664.69,1687.12,35981200.0
2018-01-28,1687.12,1691.34,1679.62,1681.67,26356400.0
2018-01-29,1681.67,1685.49,1671.51,1678.09,21591600.0
2018-01-31,1678.09,1686.13,1672.98,1686.13,22153700.0
2018-02-01,1686.13,1700.87,1686.22,1698.54,32898200.0
2018-02-04,1686.13,1701.92,1691.76,1695.11,26822600.0
2018-02-05,1686.13,1702.24,1677.14,1677.73,32972000.0
2018-02-06,1677.73,1677.93,1668.48,1670.18,27868200.0
2018-02-07,1670.18,1675.48,1654.27,1654.27,30539500.0
2018-02-08,1654.27,1666.45,1644.84,1661.72,37521700.0
2018-02-11,1661.72,1665.28,1646.25,1648.98,34326800.0
2018-02-12,1648.98,1649.34,1639.38,1642.28,26399700.0
2018-02-14,1642.28,1662.83,1635.73,1662.83,28238100.0
2018-02-15,1662.83,1726.66,1663.67,1725.74,85308304.0
2018-02-18,1725.74,1742.15,1693.8,1695.42,60040900.0
2018-02-20,1695.42,1700.25,1654.72,1657.91,32974600.0
2018-02-21,1657.91,1658.58,1647.98,1654.01,16511800.0
2018-02-22,1654.01,1657.67,1647.45,1649.53,35663800.0
2018-02-25,1649.53,1651.4,1634.96,1636.63,25906900.0
2018-02-26,1636.63,1637.19,1604.04,1606.47,45226400.0
2018-02-27,1606.47,1632.55,1604.43,1607.45,44854900.0
2018-02-28,1607.45,1608.4,1577.7,1584.92,47032100.0
2018-03-04,1584.92,1583.71,1503.27,1525.91,48250400.0
2018-03-05,1525.91,1536.44,1475.8,1482.15,44295900.0
2018-03-06,1482.15,1517.75,1448.68,1501.16,47574300.0
2018-03-07,1501.16,1532.82,1501.01,1526.8,45392900.0
2018-03-11,1526.8,1527.0,1479.87,1481.28,33481700.0
2018-03-12,1481.28,1485.68,1460.43,1461.98,25558100.0
2018-03-13,1461.98,1461.93,1452.37,1457.69,19315000.0
2018-03-14,1457.69,1466.26,1456.45,1466.26,17719100.0
2018-03-15,1466.26,1469.29,1460.31,1468.75,22813600.0
2018-03-18,1468.75,1472.48,1457.61,1457.83,32090000.0
2018-03-19,1457.83,1458.46,1444.37,1447.48,16028900.0
2018-03-20,1447.48,1447.94,1417.09,1427.12,30738500.0
2018-03-21,1427.12,1427.12,1372.71,1378.6,44011400.0
2018-03-22,1378.6,1393.39,1334.32,1359.35,39202500.0
2018-03-26,1359.35,1360.07,1280.43,1283.83,20928600.0
2018-03-27,1283.83,1350.84,1225.35,1349.33,41354300.0
2018-03-28,1349.33,1360.79,1315.31,1320.24,50190300.0
2018-03-29,1320.24,1341.05,1314.29,1340.23,39146200.0
2018-04-01,1320.24,1340.71,1312.15,1313.99,23986300.0
2018-04-02,1313.99,1317.08,1306.66,1308.73,13937100.0
2018-04-03,1308.73,1316.2,1304.33,1310.87,25640600.0
2018-04-04,1310.87,1373.93,1311.16,1373.93,38888200.0
2018-04-05,1373.93,1411.29,1368.42,1409.38,79202000.0
2018-04-08,1409.38,1516.69,1408.89,1495.04,131452000.0
2018-04-09,1495.04,1539.03,1483.28,1488.87,127840000.0
2018-04-10,1488.87,1506.35,1459.43,1462.41,45124500.0
2018-04-11,1462.41,1468.86,1439.35,1467.13,36334700.0
2018-04-12,1467.13,1497.27,1467.38,1477.84,61401600.0
2018-04-15,1477.84,1489.67,1457.69,1489.58,37872900.0
2018-04-16,1489.58,1568.82,1488.62,1561.69,85755800.0
2018-04-17,1561.69,1683.38,1561.97,1681.8,206182000.0
2018-04-18,1681.8,1722.6,1664.09,1687.19,157236992.0
2018-04-19,1687.19,1708.83,1672.75,1701.45,140780000.0
2018-04-22,1701.45,1803.63,1701.45,1801.68,162464000.0
2018-04-23,1801.68,1847.8,1738.62,1770.9,281878016.0
2018-04-24,1770.9,1778.42,1731.91,1760.39,133471000.0
2018-04-25,1760.39,1762.09,1737.83,1742.07,118081000.0
2018-04-26,1742.07,1750.0,1689.26,1698.81,102864000.0
2018-04-29,1698.81,1722.58,1676.76,1694.74,58939500.0
2018-05-02,1694.74,1743.23,1670.63,1741.1,81861000.0
2018-05-03,1741.1,1776.09,1741.14,1757.65,179791008.0
2018-05-06,1757.65,1762.66,1747.44,1750.11,67793296.0
2018-05-07,1750.11,1750.11,1722.48,1728.21,64604800.0
2018-05-08,1728.21,1765.72,1720.68,1763.97,71183000.0
2018-05-09,1763.97,1769.99,1749.05,1757.34,86030200.0
2018-05-10,1757.34,1761.59,1741.63,1742.93,72387104.0
2018-05-14,1742.93,1744.05,1718.9,1720.34,66450400.0
2018-05-15,1720.34,1725.88,1713.85,1714.72,33014600.0
2018-05-16,1714.72,1737.56,1713.66,1737.56,54801100.0
2018-05-17,1737.56,1750.69,1730.17,1733.54,78628400.0
2018-05-20,1733.54,1760.25,1733.41,1741.44,75822896.0
2018-05-21,1741.44,1778.13,1732.38,1777.26,85067200.0
2018-05-22,1777.73,1783.01,1760.39,1783.01,107175000.0
2018-05-23,1783.01,1790.8,1765.53,1788.58,99888704.0
2018-05-24,1788.58,1794.8,1749.28,1754.6,138648000.0
2018-05-27,1754.6,1755.99,1723.64,1726.68,74831696.0
2018-05-28,1726.68,1786.1,1712.46,1785.74,92266800.0
2018-05-29,1785.74,1794.3,1766.41,1770.26,74134496.0
2018-05-30,1770.26,1804.13,1759.25,1774.64,134175000.0
2018-05-31,1770.26,1775.34,1752.94,1757.07,83678600.0
2018-06-03,1757.07,1756.5,1701.96,1702.0,126404000.0
2018-06-04,1702.0,1713.73,1659.69,1670.87,95833504.0
2018-06-06,1670.87,1733.3,1672.12,1705.85,46112500.0
2018-06-07,1705.85,1709.22,1664.84,1670.31,70058600.0
2018-06-10,1670.31,1672.24,1625.39,1626.35,67240304.0
2018-06-11,1626.35,1657.84,1613.17,1649.24,72090800.0
2018-06-12,1649.24,1654.65,1624.75,1648.08,53088900.0
2018-06-13,1648.08,1656.17,1635.02,1653.33,43900600.0
2018-06-14,1648.08,1667.38,1648.59,1666.7,55247000.0
2018-06-17,1666.7,1673.77,1642.34,1645.94,60265100.0
2018-06-18,1645.94,1655.69,1630.78,1654.64,47697000.0
2018-06-19,1654.64,1659.67,1638.52,1640.35,29085800.0
2018-06-20,1640.35,1641.83,1626.96,1630.24,49016500.0
2018-06-21,1630.24,1640.92,1618.31,1623.69,36002700.0
2018-06-24,1623.69,1637.84,1621.08,1621.29,31354500.0
2018-06-25,1621.29,1621.44,1607.12,1607.54,38050500.0
2018-06-26,1621.29,1607.75,1573.71,1575.37,36917000.0
2018-06-27,1575.37,1598.27,1559.48,1579.81,21273200.0
2018-06-28,1579.81,1586.52,1575.05,1579.32,19564300.0
2018-07-01,1579.32,1579.16,1552.7,1553.58,28871000.0
2018-07-02,1553.58,1569.81,1538.81,1548.34,25782600.0
2018-07-03,1548.34,1553.59,1532.37,1538.8,23620800.0
2018-07-04,1538.8,1558.22,1534.96,1551.56,44701300.0
2018-07-05,1551.56,1638.17,1551.55,1637.46,92284896.0
2018-07-08,1637.46,1660.31,1615.87,1617.94,137116000.0
2018-07-09,1617.94,1617.46,1590.99,1596.05,40898900.0
2018-07-10,1596.05,1615.91,1591.6,1595.52,51273500.0
2018-07-11,1595.52,1671.79,1597.6,1623.97,109227000.0
2018-07-12,1623.97,1638.49,1576.9,1587.91,79021800.0
2018-07-15,1623.97,1598.33,1585.19,1594.46,29116000.0
2018-07-16,1594.46,1607.28,1586.06,1607.08,14160900.0
2018-07-17,1607.08,1610.02,1593.66,1593.76,21251800.0
2018-07-18,1593.76,1592.1,1577.79,1577.84,23726700.0
2018-07-19,1577.84,1578.54,1561.59,1561.61,26633700.0
2018-07-22,1561.61,1562.48,1527.6,1528.68,44335100.0
2018-07-23,1528.68,1564.76,1528.51,1564.13,27916100.0
2018-07-24,1564.13,1597.25,1561.72,1563.43,41208300.0
2018-07-25,1564.13,1568.05,1550.47,1556.66,24086900.0
2018-07-26,1556.66,1558.73,1539.74,1541.5,30764700.0
2018-07-29,1541.5,1549.91,1535.97,1540.0,21470200.0
2018-07-30,1540.0,1546.73,1537.94,1539.95,18840200.0
2018-07-31,1539.95,1542.21,1529.97,1534.34,22958400.0
2018-08-01,1534.34,1541.72,1529.94,1541.72,20559600.0
2018-08-02,1541.72,1542.11,1530.42,1531.0,23665500.0
2018-08-05,1531.0,1536.85,1527.27,1531.21,26014000.0
2018-08-06,1531.21,1538.65,1530.74,1537.57,32577400.0
2018-08-07,1537.57,1541.02,1525.03,1526.76,50036900.0
2018-08-08,1526.76,1528.07,1519.68,1525.35,30229700.0
2018-08-09,1525.35,1526.92,1506.97,1508.88,37017100.0
2018-08-12,1508.88,1509.56,1476.87,1477.35,27417200.0
2018-08-13,1477.35,1495.17,1474.75,1492.37,16778600.0
2018-08-14,1492.37,1507.97,1488.07,1507.97,28249000.0
2018-08-15,1507.97,1544.07,1499.35,1543.25,51521100.0
2018-08-16,1543.25,1546.63,1525.41,1529.47,51628500.0
2018-08-19,1529.47,1533.66,1504.04,1506.04,72032800.0
2018-08-20,1506.04,1509.16,1492.98,1494.35,25862200.0
2018-08-21,1506.04,1494.54,1482.8,1484.02,23385700.0
2018-08-22,1484.02,1485.64,1480.12,1483.64,11220000.0
2018-08-23,1483.64,1487.25,1475.07,1479.23,22245400.0
2018-08-26,1479.23,1482.45,1465.84,1466.61,21009000.0
2018-08-28,1466.61,1470.52,1459.28,1469.53,15142500.0
2018-08-29,1469.53,1470.19,1457.72,1459.9,22440700.0
2018-08-30,1459.9,1482.73,1460.09,1473.93,19162800.0
2018-09-02,1473.93,1484.29,1472.56,1484.07,21982900.0
2018-09-03,1484.07,1499.33,1467.07,1487.37,42609200.0
2018-09-04,1487.37,1491.94,1483.77,1487.14,23374800.0
2018-09-05,1487.14,1539.55,1487.28,1529.23,68978096.0
2018-09-06,1487.14,1542.79,1511.67,1514.15,64815300.0
2018-09-09,1514.15,1514.34,1488.81,1489.22,26617600.0
2018-09-10,1489.22,1502.53,1481.63,1502.53,30110900.0
2018-09-11,1502.53,1531.63,1503.04,1514.33,52991000.0
2018-09-12,1514.33,1530.21,1510.65,1530.21,41257800.0
2018-09-13,1530.21,1542.05,1525.41,1529.52,44878200.0
2018-09-16,1529.52,1556.4,1532.41,1537.83,80127104.0
2018-09-17,1529.52,1549.76,1536.96,1543.46,46220700.0
2018-09-18,1543.46,1557.65,1544.38,1552.91,29512400.0
2018-09-20,1552.91,1555.95,1545.44,1547.85,48001400.0
2018-09-23,1552.91,1552.78,1536.29,1538.93,49021900.0
2018-09-25,1538.93,1554.01,1540.12,1549.37,54696200.0
2018-09-26,1549.48,1555.2,1539.02,1548.44,62434100.0
2018-09-27,1548.44,1547.83,1536.15,1538.98,38304300.0
2018-09-30,1538.98,1544.69,1522.51,1523.28,35799000.0
2018-10-01,1523.28,1525.01,1502.38,1504.56,43062300.0
2018-10-02,1504.56,1512.23,1502.12,1507.64,32023900.0
2018-10-03,1507.64,1509.58,1493.28,1497.89,26662900.0
2018-10-04,1497.89,1501.12,1483.47,1486.69,36407000.0
2018-10-07,1486.69,1486.55,1466.54,1467.83,27934700.0
2018-10-08,1467.83,1476.96,1466.87,1476.85,25327400.0
2018-10-09,1476.85,1486.38,1467.81,1469.23,61634600.0
2018-10-10,1469.23,1469.18,1461.58,1463.3,21221900.0
2018-10-11,1463.3,1472.9,1460.48,1472.9,19370400.0
2018-10-14,1472.9,1486.13,1474.3,1484.04,21392100.0
2018-10-15,1484.04,1488.76,1482.86,1482.94,23957500.0
2018-10-21,1482.94,1483.61,1478.49,1478.55,5209920.0
2018-10-22,1478.55,1480.04,1476.1,1480.04,9758730.0
2018-10-23,1480.04,1480.2,1469.81,1471.45,15277900.0
2018-10-24,1471.45,1476.71,1468.77,1472.92,16865700.0
2018-10-25,1472.92,1477.12,1466.31,1466.47,27061900.0
2018-10-28,1466.47,1466.95,1449.61,1451.74,17998400.0
2018-10-29,1451.74,1451.74,1440.6,1442.34,25005300.0
2018-10-30,1442.34,1450.54,1437.53,1441.34,18156100.0
2018-10-31,1441.34,1441.38,1431.09,1433.98,19317500.0
2018-11-01,1433.98,1437.59,1430.55,1435.79,18802800.0
2018-11-04,1435.79,1437.59,1426.61,1427.13,11912200.0
2018-11-05,1427.13,1445.11,1423.01,1445.11,23004500.0
2018-11-06,1450.0,1450.0,1450.0,1450.0,2685660.0
2018-11-11,1450.41,1453.98,1446.6,1446.92,7354690.0
2018-11-12,1444.48,1444.48,1422.72,1426.51,12817100.0
2018-11-13,1426.41,1440.14,1424.36,1438.59,16427300.0
2018-11-14,1439.13,1439.76,1432.09,1438.59,11579800.0
2018-11-15,1437.05,1440.11,1423.28,1423.95,19156800.0
2018-11-18,1425.86,1425.86,1414.87,1414.96,16960000.0
2018-11-19,1415.0,1419.26,1404.13,1407.47,21138700.0
2018-11-20,1406.91,1409.08,1400.58,1400.16,22025900.0
2018-11-21,1399.52,1400.01,1394.81,1399.37,18934900.0
2018-11-22,1399.48,1399.48,1391.06,1392.25,24293000.0
2018-11-25,1394.37,1395.17,1369.81,1369.88,21793900.0
2018-11-26,1369.51,1369.51,1354.67,1351.69,39208500.0
2018-11-27,1350.98,1362.53,1349.06,1347.52,29822300.0
2018-11-28,1347.52,1350.29,1334.61,1334.8,20876400.0
2018-11-29,1334.82,1335.05,1309.74,1310.57,30100500.0
2018-12-02,1311.49,1312.34,1280.42,1281.75,35195000.0
2018-12-03,1281.93,1302.32,1273.72,1273.78,27030500.0
2018-12-04,1274.26,1283.87,1271.75,1281.37,16706300.0
2018-12-05,1280.63,1280.63,1250.71,1252.27,18788900.0
2018-12-06,1252.91,1262.46,1244.71,1252.78,20731200.0
2018-12-09,1252.25,1253.49,1246.42,1257.75,26120700.0
2018-12-10,1258.46,1281.6,1257.94,1275.82,39535900.0
2018-12-11,1274.19,1275.08,1264.91,1265.58,19627700.0
2018-12-12,1265.68,1267.05,1256.02,1257.12,15846100.0
2018-12-13,1258.05,1275.67,1253.85,1268.73,38933900.0
2018-12-16,1269.0,1306.24,1269.0,1306.24,76609200.0
2018-12-17,1309.41,1346.46,1306.89,1346.46,72448304.0
2018-12-18,1346.85,1355.95,1323.1,1327.96,50477300.0
2018-12-19,1328.2,1331.08,1318.95,1321.65,24831700.0
2018-12-20,1325.95,1336.78,1317.0,1322.77,34321100.0
2018-12-23,1325.36,1386.55,1322.79,1386.55,82163904.0
2018-12-24,1387.38,1406.47,1376.85,1380.66,64231400.0
2018-12-25,1380.3,1382.12,1358.87,1366.82,22010400.0
2018-12-26,1366.08,1417.03,1365.97,1417.03,61963900.0
2018-12-27,1419.65,1450.38,1405.52,1414.28,114525000.0
2018-12-30,1412.48,1431.48,1407.78,1409.67,46365700.0
2018-12-31,1410.79,1410.79,1387.6,1388.14,56089000.0
2019-01-01,1386.33,1392.66,1378.59,1389.16,27514600.0
2019-01-02,1389.16,1395.29,1387.08,1394.49,44582000.0
2019-01-03,1394.82,1404.45,1391.62,1395.71,29678200.0
2019-01-06,1392.99,1392.99,1372.43,1372.87,40105600.0
2019-01-07,1374.23,1387.56,1374.23,1384.4,22371400.0
2019-01-08,1383.53,1389.89,1381.42,1389.82,41104000.0
2019-01-09,1383.53,1389.82,1397.26,1392.26,21477300.0
2019-01-10,1392.26,1398.32,1391.1,1397.96,24144800.0
2019-01-13,1398.26,1398.31,1384.5,1385.26,18910900.0
2019-01-14,1385.26,1400.32,1385.4,1400.32,32473100.0
2019-01-15,1407.7,1453.87,1407.7,1453.87,59715900.0
2019-01-16,1453.87,1463.57,1436.38,1438.19,59672500.0
2019-01-17,1440.01,1447.45,1436.41,1447.45,40738200.0
2019-01-20,1444.72,1445.13,1435.07,1436.86,24828200.0
2019-01-21,1437.33,1437.33,1415.92,1415.92,28968500.0
2019-01-22,1416.55,1430.08,1415.97,1430.08,31089400.0
2019-01-23,1430.09,1443.07,1429.77,1443.07,21635700.0
2019-01-24,1442.94,1443.34,1434.86,1440.81,38801100.0
2019-01-27,1441.16,1441.16,1425.09,1425.81,25774800.0
2019-01-28,1428.84,1445.72,1428.72,1445.72,30553100.0
2019-01-29,1448.29,1448.29,1431.37,1439.6,53333900.0
2019-01-30,1439.71,1444.91,1438.98,1444.91,22805000.0
2019-01-31,1445.15,1453.09,1444.01,1445.41,40043300.0
2019-02-03,1449.37,1452.92,1440.26,1442.61,47495900.0
2019-02-04,1445.54,1447.0,1428.06,1428.8,39459900.0
2019-02-05,1427.82,1436.97,1427.82,1435.53,31447000.0
2019-02-06,1436.67,1436.89,1422.08,1424.7,33502800.0
2019-02-07,1424.72,1425.6,1423.15,1425.5,43181500.0
2019-02-10,1428.61,1429.33,1407.85,1409.78,27194000.0
2019-02-11,1409.11,1420.24,1407.11,1420.24,18829800.0
2019-02-12,1420.22,1422.94,1413.53,1415.96,15283300.0
2019-02-13,1415.97,1416.14,1399.66,1404.06,24970300.0
2019-02-14,1403.78,1403.78,1385.79,1388.72,22618000.0
2019-02-17,1391.13,1394.41,1384.5,1387.06,14081700.0
2019-02-18,1388.13,1388.13,1376.63,1380.32,16540000.0
2019-02-19,1381.05,1420.03,1379.61,1420.03,26512400.0
2019-02-20,1423.39,1424.34,1400.36,1402.27,17887900.0
2019-02-21,1403.22,1406.11,1400.75,1399.69,39447100.0
2019-02-24,1397.28,1399.41,1378.97,1378.97,28726100.0
2019-02-25,1378.78,1389.52,1369.41,1389.48,19575600.0
2019-02-26,1392.46,1392.46,1373.93,1375.15,17652500.0
2019-02-27,1375.45,1385.7,1372.78,1372.78,23123000.0
2019-03-03,1373.19,1375.24,1365.23,1365.23,18921000.0
2019-03-05,1365.38,1375.73,1363.66,1370.51,19645300.0
2019-03-06,1370.56,1390.01,1369.71,1390.01,22656100.0
2019-03-07,1390.38,1412.12,1389.16,1412.12,32972400.0
2019-03-10,1412.97,1412.97,1403.2,1410.54,5028250.0
2019-03-11,1410.55,1424.77,1408.44,1424.77,27415600.0
2019-03-12,1427.93,1438.04,1422.47,1434.7,37658500.0
2019-03-13,1431.59,1432.89,1413.09,1413.09,22403400.0
2019-03-14,1413.46,1420.94,1409.07,1415.2,12812700.0
2019-03-17,1414.81,1423.36,1414.66,1414.66,18955600.0
2019-03-18,1414.21,1418.57,1403.98,1403.98,28111500.0
2019-03-19,1404.91,1405.48,1395.03,1396.54,9727400.0
2019-03-21,1398.47,1399.77,1382.05,1386.83,23586600.0
2019-03-24,1385.77,1386.59,1374.07,1377.52,28844400.0
2019-03-25,1376.25,1383.39,1372.61,1383.39,31654900.0
2019-03-26,1383.15,1383.31,1373.87,1377.91,22142100.0
2019-03-27,1374.29,1382.53,1374.21,1383.04,7802680.0
2019-03-28,1382.0,1385.39,1376.55,1385.39,21977100.0
2019-03-31,1385.46,1385.71,1375.95,1376.92,18518200.0
2019-04-01,1378.81,1383.25,1374.86,1381.15,25370300.0
2019-04-02,1382.49,1388.6,1380.11,1383.49,21710500.0
2019-04-03,1383.48,1386.63,1381.1,1381.1,18739000.0
2019-04-04,1381.07,1381.07,1371.39,1372.33,15462600.0
2019-04-07,1372.43,1372.68,1366.78,1371.38,18537400.0
2019-04-08,1371.5,1411.2,1368.08,1407.89,45519000.0
2019-04-09,1407.86,1413.61,1391.57,1392.78,44560100.0
2019-04-10,1392.67,1395.13,1373.48,1395.13,21981800.0
2019-04-11,1393.05,1399.24,1391.57,1395.16,46149300.0
2019-04-15,1393.62,1437.6,1392.51,1437.6,48241500.0
2019-04-16,1437.51,1474.01,1437.51,1473.41,94149000.0
2019-04-17,1475.24,1483.5,1454.48,1459.39,56481500.0
2019-04-18,1456.9,1482.8,1451.84,1471.38,68674496.0
2019-04-21,1474.54,1500.89,1474.54,1498.29,78665296.0
2019-04-22,1498.88,1506.14,1475.85,1477.31,54047800.0
2019-04-23,1477.15,1480.42,1465.4,1472.36,78224896.0
2019-04-24,1470.0,1479.61,1466.64,1478.37,48670900.0
2019-04-25,1478.69,1495.41,1478.04,1488.75,109210000.0
2019-04-28,1488.06,1579.83,1488.06,1579.83,185424000.0
2019-04-29,1589.33,1595.63,1558.48,1574.21,106573000.0
2019-04-30,1581.29,1585.15,1556.2,1556.2,66408100.0
2019-05-02,1556.1,1556.1,1542.93,1549.29,60882600.0
2019-05-05,1549.92,1553.01,1523.42,1523.42,50660900.0
2019-05-06,1523.6,1533.59,1517.98,1533.59,42758400.0
2019-05-07,1533.98,1546.22,1531.19,1537.72,44326100.0
2019-05-08,1541.25,1544.32,1531.79,1532.76,29017800.0
2019-05-09,1532.14,1533.67,1522.71,1524.58,29251700.0
2019-05-12,1524.53,1527.12,1517.5,1522.98,25105500.0
2019-05-13,1523.1,1524.95,1513.71,1521.52,30473900.0
2019-05-14,1518.39,1535.77,1518.21,1531.02,51523600.0
2019-05-15,1531.26,1547.09,1528.46,1531.15,66188000.0
2019-05-16,1531.78,1533.04,1516.98,1525.92,40133300.0
2019-05-19,1522.9,1523.23,1514.0,1517.42,44272800.0
2019-05-20,1517.79,1523.37,1500.61,1500.61,31765500.0
2019-05-21,1500.87,1509.41,1494.09,1497.55,27244800.0
2019-05-22,1498.57,1514.19,1498.57,1504.76,29386800.0
2019-05-23,1504.63,1508.62,1495.59,1506.46,32739600.0
2019-05-26,1506.56,1507.98,1497.68,1501.31,33879800.0
2019-05-27,1501.93,1510.54,1497.95,1502.11,30906300.0
2019-05-28,1502.64,1503.31,1495.69,1501.43,30157100.0
2019-05-29,1501.59,1512.9,1501.44,1508.88,45379400.0
2019-05-30,1520.65,1540.72,1506.86,1507.1,61336600.0
2019-06-02,1509.33,1510.07,1486.6,1489.02,23243300.0
2019-06-03,1488.89,1490.01,1471.87,1476.5,29158900.0
2019-06-04,1476.01,1482.13,1460.19,1464.11,37299700.0
2019-06-06,1466.89,1466.89,1458.31,1459.04,25896400.0
2019-06-10,1458.63,1462.05,1447.2,1447.56,29474100.0
2019-06-11,1443.61,1451.14,1442.78,1451.14,26133600.0
2019-06-12,1454.01,1454.01,1434.74,1443.57,30015200.0
2019-06-13,1446.18,1446.18,1434.16,1440.72,28560500.0
2019-06-16,1444.25,1445.07,1410.11,1411.23,58654700.0
2019-06-17,1411.08,1411.58,1396.19,1408.04,27110600.0
2019-06-18,1408.14,1412.93,1403.18,1412.89,38384000.0
2019-06-19,1413.09,1416.56,1408.26,1411.24,31294100.0
2019-06-20,1414.41,1431.23,1411.42,1424.92,18974400.0
2019-06-23,1422.25,1422.42,1409.21,1409.87,57192200.0
2019-06-24,1410.64,1427.25,1409.32,1427.25,62558700.0
2019-06-25,1429.74,1435.89,1426.8,1429.77,28856500.0
2019-06-26,1430.37,1433.23,1425.23,1425.91,30176400.0
2019-06-27,1425.19,1430.19,1421.28,1424.28,36536200.0
2019-06-30,1424.87,1424.87,1408.26,1408.89,29374900.0
2019-07-01,1408.46,1409.42,1401.75,1406.53,27864000.0
2019-07-02,1408.5,1422.06,1405.62,1422.06,28170600.0
2019-07-03,1425.7,1448.08,1419.67,1448.08,35781400.0
2019-07-04,1450.7,1455.5,1441.45,1441.66,38261600.0
2019-07-07,1442.17,1443.45,1431.7,1433.18,29050800.0
2019-07-08,1434.9,1434.9,1424.79,1426.68,31474100.0
2019-07-09,1425.03,1429.28,1422.93,1426.27,22150700.0
2019-07-10,1427.37,1430.19,1424.01,1429.79,36185100.0
2019-07-11,1430.43,1430.43,1421.06,1424.26,47127300.0
2019-07-14,1423.6,1427.82,1421.38,1424.11,21853400.0
2019-07-15,1424.04,1432.61,1423.89,1428.81,21470300.0
2019-07-16,1448.95,1454.52,1433.19,1434.32,38103400.0
2019-07-17,1435.87,1460.3,1433.76,1460.3,32715000.0
2019-07-18,1460.41,1470.81,1458.64,1460.48,22779200.0
2019-07-21,1462.35,1464.06,1454.68,1460.38,29844800.0
2019-07-22,1460.85,1469.39,1458.41,1467.85,29894800.0
2019-07-23,1468.1,1495.85,1467.41,1495.85,38043500.0
2019-07-24,1496.05,1511.43,1494.33,1510.83,57381000.0
2019-07-25,1510.65,1510.65,1485.76,1491.15,68340096.0
2019-07-28,1490.18,1490.18,1460.33,1463.45,60275700.0
2019-07-29,1463.55,1488.03,1463.41,1486.85,58547400.0
2019-07-30,1487.21,1502.61,1487.21,1501.57,64188800.0
2019-07-31,1503.69,1554.01,1500.74,1554.01,112584000.0
2019-08-01,1555.44,1591.48,1534.79,1569.65,212731008.0
2019-08-04,1570.73,1595.57,1565.02,1569.88,142604000.0
2019-08-05,1570.8,1581.75,1540.3,1542.85,132336000.0
2019-08-06,1543.53,1546.57,1513.72,1521.76,54179400.0
2019-08-07,1522.18,1547.51,1509.27,1544.31,57002800.0
2019-08-08,1544.42,1545.26,1522.01,1523.99,29475800.0
2019-08-11,1524.56,1526.46,1509.53,1517.39,29977500.0
2019-08-12,1517.21,1523.98,1516.21,1522.44,31488900.0
2019-08-13,1521.87,1531.47,1518.87,1521.02,41167200.0
2019-08-14,1521.59,1525.07,1513.66,1521.16,23710500.0
2019-08-15,1520.99,1521.19,1513.11,1517.15,24292800.0
2019-08-18,1517.35,1517.61,1507.39,1508.57,29932500.0
2019-08-19,1509.05,1539.57,1505.07,1530.08,40240500.0
2019-08-20,1529.6,1529.6,1514.57,1516.96,26438100.0
2019-08-21,1517.64,1517.66,1508.27,1515.72,31491200.0
2019-08-22,1515.8,1525.13,1515.8,1516.89,31774300.0
2019-08-25,1516.64,1517.73,1504.51,1512.69,36067100.0
2019-08-26,1513.7,1516.91,1507.34,1511.88,31815300.0
2019-08-27,1512.88,1527.38,1512.77,1521.83,31081000.0
2019-08-28,1522.56,1526.38,1512.58,1512.58,28658400.0
2019-08-29,1514.79,1514.92,1503.43,1510.74,35063200.0
2019-09-01,1514.45,1514.45,1495.42,1497.7,29505700.0
2019-09-02,1500.54,1500.77,1470.73,1472.72,74329900.0
2019-09-03,1472.51,1506.15,1459.94,1506.15,58991500.0
2019-09-04,1508.96,1513.33,1494.81,1508.96,41287500.0
2019-09-05,1509.54,1510.84,1499.23,1505.59,41028600.0
2019-09-08,1505.59,1505.7,1493.24,1498.09,29364100.0
2019-09-09,1498.43,1498.62,1482.13,1484.33,31097200.0
2019-09-10,1484.33,1493.37,1478.91,1480.21,28788600.0
2019-09-11,1480.21,1482.63,1471.9,1474.4,58319000.0
2019-09-12,1474.4,1476.22,1465.55,1467.98,36730200.0
2019-09-15,1467.93,1472.61,1447.83,1448.52,31989600.0
2019-09-16,1450.41,1451.32,1430.02,1437.29,47665000.0
2019-09-17,1437.29,1472.49,1437.29,1467.49,32330600.0
2019-09-18,1467.49,1496.65,1467.49,1496.65,35437000.0
2019-09-19,1500.28,1509.14,1486.42,1487.44,46536800.0
2019-09-22,1487.44,1489.6,1453.1,1457.12,26181600.0
2019-09-23,1457.12,1465.21,1451.65,1460.91,15317000.0
2019-09-24,1461.21,1461.21,1451.24,1453.05,19724800.0
2019-09-25,1453.06,1455.24,1450.55,1453.85,9717890.0
2019-09-26,1453.6,1455.9,1449.05,1449.12,26676800.0
2019-09-29,1449.03,1451.3,1443.06,1443.06,16233400.0
2019-09-30,1442.95,1453.06,1441.31,1453.06,13350300.0
2019-10-01,1453.65,1468.33,1452.87,1464.35,10511500.0
2019-10-02,1464.39,1468.52,1459.52,1461.96,14165500.0
2019-10-03,1463.69,1477.33,1463.69,1476.2,17039700.0
2019-10-10,1476.2,1478.53,1472.94,1473.79,1862110.0
2019-10-14,1473.71,1473.75,1456.47,1459.94,12639200.0
2019-10-15,1459.83,1465.27,1458.52,1465.27,9107480.0
2019-10-16,1466.17,1466.17,1455.66,1457.35,25628300.0
2019-10-17,1457.35,1460.14,1455.28,1459.52,16986400.0
2019-10-20,1462.22,1463.32,1456.97,1456.97,11052400.0
2019-10-21,1456.93,1457.72,1454.59,1457.49,11338100.0
2019-10-22,1457.63,1460.38,1454.2,1458.9,15092000.0
2019-10-23,1460.14,1467.78,1458.7,1467.78,20667300.0
2019-10-24,1467.87,1475.07,1467.87,1474.16,22296500.0
2019-10-31,1473.85,1477.0,1468.78,1469.0,13804600.0
2019-11-03,1468.87,1474.11,1464.01,1465.99,15440800.0
2019-11-04,1466.01,1473.55,1465.98,1471.59,18443100.0
2019-11-05,1472.85,1476.62,1472.13,1475.24,35408700.0
2019-11-06,1475.34,1479.71,1474.15,1479.71,22212300.0
2019-11-07,1479.71,1479.89,1474.34,1479.29,21290500.0
2019-11-10,1479.88,1487.06,1479.88,1483.56,34933700.0
2019-11-11,1483.82,1516.07,1483.82,1514.31,56275300.0
2019-11-12,1514.69,1515.42,1502.06,1503.32,36452700.0
2019-11-14,1499.24,1502.99,1490.79,1492.74,23677400.0
2019-11-17,1492.98,1494.05,1485.73,1488.98,27807800.0
2019-11-18,1489.07,1490.17,1486.59,1489.51,14298900.0
2019-11-19,1489.61,1491.12,1486.68,1488.64,21053200.0
2019-11-20,1488.75,1502.06,1485.2,1485.2,24032100.0
2019-11-21,1485.32,1486.65,1471.07,1473.67,39249700.0
2019-11-24,1473.67,1481.06,1463.6,1467.33,43999200.0
2019-11-25,1467.43,1472.85,1462.78,1471.12,35925200.0
2019-11-26,1470.95,1474.59,1467.93,1469.13,22512200.0
2019-11-27,1469.13,1484.06,1468.02,1484.06,31154200.0
2019-11-28,1483.8,1485.42,1480.22,1480.83,35838300.0
2019-12-01,1480.83,1484.59,1471.72,1474.01,29729000.0
2019-12-02,1474.29,1476.5,1468.97,1472.96,43399100.0
2019-12-03,1473.39,1490.33,1473.39,1487.6,49629700.0
2019-12-04,1488.13,1527.01,1487.43,1520.64,68730100.0
2019-12-05,1520.64,1546.2,1519.96,1545.19,78318000.0
2019-12-08,1545.01,1562.28,1537.45,1562.28,52584000.0
2019-12-09,1562.76,1623.85,1562.57,1612.71,152764000.0
2019-12-10,1613.75,1628.04,1598.08,1614.59,104012000.0
2019-12-11,1622.01,1694.48,1622.01,1671.67,163934000.0
2019-12-12,1675.83,1699.11,1659.86,1663.45,155852000.0
2019-12-15,1664.13,1664.67,1627.17,1627.17,100636000.0
2019-12-16,1627.07,1632.72,1612.6,1613.13,78080900.0
2019-12-17,1614.13,1628.73,1612.63,1623.01,57610300.0
2019-12-18,1622.22,1626.8,1609.22,1614.83,50463800.0
2019-12-19,1616.28,1617.44,1603.1,1609.76,48674300.0
2019-12-22,1609.46,1615.17,1606.02,1611.21,26802200.0
2019-12-23,1610.61,1641.95,1609.36,1641.95,64683800.0
2019-12-24,1642.06,1646.89,1626.15,1631.04,56887600.0
2019-12-25,1636.93,1641.49,1620.06,1625.06,38242700.0
2019-12-26,1625.3,1627.84,1622.16,1624.33,55838000.0
2019-12-29,1624.71,1628.3,1612.9,1615.51,38332000.0
2019-12-30,1615.2,1620.66,1613.25,1619.26,52460000.0
2019-12-31,1619.58,1638.23,1619.5,1638.23,54119700.0
2020-01-01,1638.23,1664.25,1634.36,1663.92,62227700.0
2020-01-02,1671.46,1686.25,1671.46,1679.48,102421000.0
2020-01-05,1679.55,1735.83,1678.9,1719.72,194252000.0
2020-01-06,1725.07,1757.29,1725.07,1756.05,188183000.0
2020-01-07,1756.2,1788.95,1756.2,1788.95,215028000.0
2020-01-08,1790.17,1817.02,1776.98,1803.41,246388000.0
2020-01-09,1803.52,1869.61,1801.99,1866.41,279112000.0
2020-01-12,1867.88,1988.61,1867.88,1988.61,362595000.0
2020-01-13,1992.44,2042.47,1968.8,1974.72,328704000.0
2020-01-14,1974.32,1986.56,1939.89,1966.0,207741000.0
2020-01-15,1964.93,1996.04,1964.93,1993.2,159115000.0
2020-01-16,1994.18,2076.3,1994.18,2069.38,292468000.0
2020-01-19,2071.6,2123.22,2071.6,2101.44,289986000.0
2020-01-20,2101.44,2109.91,2018.58,2043.56,223986000.0
2020-01-21,2044.81,2054.54,2009.39,2041.17,150333000.0
2020-01-22,2040.59,2040.89,2012.63,2030.81,108389000.0
2020-01-23,2030.81,2048.65,2006.32,2015.82,216064000.0
2020-01-26,2016.8,2022.99,1986.6,1989.01,204883000.0
2020-01-27,1992.24,2055.44,1990.84,2055.44,222187000.0
2020-01-28,2056.64,2116.52,2056.64,2098.01,322231000.0
2020-01-29,2098.74,2188.96,2098.74,2188.96,524523000.0
2020-01-30,2189.01,2236.42,2189.01,2207.57,484556000.0
2020-02-02,2209.01,2243.15,2201.96,2229.7,454087000.0
2020-02-03,2234.27,2243.07,2205.54,2221.95,298851000.0
2020-02-04,2223.59,2227.68,2189.22,2199.07,223303000.0
2020-02-05,2201.61,2214.06,2189.35,2205.09,171243000.0
2020-02-06,2204.38,2216.98,2173.61,2187.63,184255000.0
2020-02-09,2187.04,2191.12,2159.86,2166.94,166541000.0
2020-02-10,2165.86,2206.25,2159.18,2196.73,165644000.0
2020-02-11,2198.3,2270.07,2198.3,2266.95,355611000.0
2020-02-12,2267.89,2326.84,2267.89,2322.58,425067000.0
2020-02-13,2323.31,2375.35,2323.31,2352.12,484993000.0
2020-02-16,2352.71,2409.93,2352.64,2409.93,321687000.0
2020-02-17,2410.35,2448.56,2410.35,2419.6,438989000.0
2020-02-18,2420.9,2428.49,2378.51,2406.5,299031000.0
2020-02-19,2407.95,2508.93,2396.99,2510.89,467424000.0
2020-02-20,2515.86,2670.21,2515.86,2670.21,780311000.0
2020-02-23,2691.15,2786.31,2691.15,2725.1,669187000.0
2020-02-24,2727.05,2755.53,2686.9,2693.06,497479000.0
2020-02-25,2693.9,2766.71,2638.72,2776.5,449372000.0
2020-02-26,2779.55,2838.63,2779.55,2803.65,529903000.0
2020-02-27,2802.66,2802.66,2738.13,2747.3,509217000.0
2020-03-01,2754.32,2762.72,2652.16,2657.04,586911000.0
2020-03-02,2658.61,2658.61,2521.4,2521.4,241798000.0
2020-03-03,2512.27,2512.27,2339.88,2405.27,596388000.0
2020-03-04,2402.2,2402.2,2246.36,2257.02,384894000.0
2020-03-05,2252.24,2394.21,2189.27,2305.05,325268000.0
2020-03-10,2305.05,2305.05,2202.09,2202.09,109248000.0
2020-03-11,2207.13,2319.37,2204.32,2319.37,269437000.0
2020-03-12,2321.09,2330.38,2221.53,2229.74,338522000.0
2020-03-15,2206.03,2206.36,2123.35,2136.32,306064000.0
2020-03-16,2134.78,2186.73,2100.17,2159.54,221684000.0
2020-03-17,2160.02,2164.82,2052.66,2065.87,181060000.0
2020-03-18,2066.56,2111.33,1991.97,2047.65,141312000.0
2020-03-19,2048.93,2085.13,1992.75,2068.24,215696000.0
2020-03-22,2063.91,2074.33,2046.55,2050.3,16127900.0
2020-05-12,2045.96,2045.96,2032.25,2032.25,5073400.0
2020-05-13,2028.15,2028.15,2008.29,2008.29,278118.0
2020-06-29,2007.38,2007.38,1963.98,1968.92,30671500.0
2020-06-30,1971.06,2046.62,1967.94,2046.62,37361300.0
2020-07-01,2056.58,2147.85,2056.58,2147.85,23698100.0
2020-07-02,2147.85,2168.74,2076.59,2076.59,25504000.0
2020-07-05,2076.23,2106.68,2065.11,2086.42,87779300.0
2020-07-06,2086.42,2170.53,2066.9,2170.53,97950700.0
2020-07-07,2175.92,2274.97,2175.92,2247.09,186976000.0
2020-07-08,2247.39,2264.12,2216.87,2236.96,131787000.0
2020-07-09,2237.03,2251.91,2215.4,2249.85,160229000.0
2020-07-12,2268.98,2332.49,2266.41,2332.49,207551000.0
2020-07-13,2333.08,2383.84,2333.08,2383.84,218402000.0
2020-07-14,2387.01,2448.78,2387.01,2448.78,267667000.0
2020-07-15,2456.92,2475.3,2430.76,2438.99,198505000.0
2020-07-16,2445.69,2458.5,2437.69,2445.46,145754000.0
2020-07-19,2458.21,2537.85,2458.21,2537.85,7776150.0
2020-07-20,2611.47,2630.97,2446.95,2450.46,242962000.0
2020-07-21,2459.75,2479.66,2437.43,2443.44,185619000.0
2020-07-22,2453.24,2471.54,2420.85,2428.34,293341000.0
2020-07-23,2434.28,2456.15,2408.18,2456.78,205974000.0
2020-07-26,2460.42,2487.57,2457.03,2486.2,234740000.0
2020-07-27,2485.99,2526.61,2482.89,2498.66,315345000.0
2020-07-28,2496.71,2505.16,2477.96,2488.67,215340000.0
2020-07-29,2489.26,2489.26,2431.16,2432.99,359225000.0
2020-07-30,2434.36,2448.0,2407.78,2448.0,204824000.0
2020-08-02,2449.19,2450.06,2366.89,2373.23,244141000.0
2020-08-03,2373.66,2394.08,2358.11,2388.96,135468000.0
2020-08-06,2351.96,2357.03,2326.15,2347.75,157926000.0
2020-08-09,2351.04,2362.53,2313.26,2362.33,135730000.0
2020-08-10,2365.53,2433.89,2364.13,2433.89,201950000.0
2020-08-11,2433.89,2439.08,2403.3,2412.32,151794000.0
2020-08-12,2411.67,2415.68,2396.32,2405.58,113177000.0
2020-08-13,2404.42,2404.9,2370.2,2377.61,153979000.0
2020-08-16,2387.6,2387.6,2340.44,2348.39,125271000.0
2020-08-17,2348.8,2356.02,2328.27,2356.02,94913800.0
2020-08-18,2358.21,2375.72,2356.99,2373.44,79357000.0
2020-08-19,2376.09,2376.09,2342.35,2343.55,119901000.0
2020-08-20,2342.84,2365.24,2342.27,2355.56,49549900.0
2020-08-23,2355.94,2379.17,2351.66,2379.17,99356500.0
2020-08-24,2380.17,2434.9,2380.17,2434.9,259396000.0
2020-08-25,2445.54,2457.73,2427.37,2454.98,210682000.0
2020-08-26,2458.61,2509.21,2458.61,2496.12,326233000.0
2020-08-27,2506.57,2510.85,2467.35,2472.62,200618000.0
2020-08-30,2473.79,2474.98,2460.43,2474.98,113593000.0
2020-08-31,2483.73,2494.6,2476.31,2483.56,322736000.0
2020-09-02,2511.29,2517.32,2495.56,2500.84,302321000.0
2020-09-03,2500.23,2514.5,2480.51,2508.3,222231000.0
2020-09-06,2545.35,2545.35,2488.36,2498.03,257538000.0
2020-09-07,2501.9,2506.95,2484.05,2499.18,259329000.0
2020-09-08,2499.18,2527.7,2489.74,2518.34,177765000.0
2020-09-09,2534.62,2580.99,2529.15,2573.77,417017000.0
2020-09-10,2583.67,2630.79,2583.5,2607.51,305948000.0
2020-09-13,2617.65,2632.41,2605.26,2615.71,319457000.0
2020-09-14,2619.79,2626.11,2591.74,2592.51,303241000.0
2020-09-15,2595.35,2597.29,2576.03,2588.38,182606000.0
2020-09-16,2591.65,2594.92,2580.88,2593.25,177443000.0
2020-09-17,2599.55,2616.69,2586.5,2605.46,354555000.0
2020-09-20,2616.54,2630.14,2589.4,2591.65,126991000.0
2020-09-21,2596.98,2603.53,2578.04,2584.27,266953000.0
2020-09-22,2585.07,2587.2,2553.49,2561.03,262188000.0
2020-09-23,2564.51,2571.25,2545.92,2571.25,139483000.0
2020-09-24,2569.89,2583.86,2567.05,2570.73,150095000.0
2020-09-27,2573.39,2574.45,2563.33,2564.11,120065000.0
2020-09-28,2565.51,2565.51,2551.25,2556.49,123710000.0
2020-09-29,2556.55,2557.05,2539.57,2542.91,143385000.0
2020-09-30,2540.13,2541.94,2525.43,2536.04,106061000.0
2020-10-01,2535.08,2558.99,2532.62,2556.86,119309000.0
2020-10-04,2556.73,2563.94,2556.07,2560.89,109936000.0
2020-10-05,2561.07,2562.74,2546.19,2550.08,123382000.0
2020-10-06,2555.79,2560.46,2535.06,2540.79,113788000.0
2020-10-07,2540.31,2545.94,2527.23,2540.59,134620000.0
2020-10-08,2540.51,2547.15,2531.14,2541.44,130683000.0
2020-10-11,2541.66,2543.83,2518.92,2532.51,121494000.0
2020-10-12,2540.36,2541.08,2525.13,2536.44,115929000.0
2020-10-13,2535.4,2537.56,2522.49,2522.81,92179400.0
2020-10-14,2521.65,2523.91,2510.13,2517.49,80920500.0
2020-10-15,2510.58,2536.45,2507.53,2515.89,74038300.0
2020-10-18,2515.73,2515.89,2498.4,2504.66,57083800.0
2020-10-19,2505.23,2520.67,2504.25,2515.3,51316000.0
2020-10-20,2516.56,2531.74,2515.13,2531.74,65327000.0
2020-10-21,2532.58,2536.99,2531.44,2535.15,64384100.0
2020-10-22,2538.27,2539.1,2532.44,2535.96,74568500.0
2020-10-28,2535.74,2561.15,2535.38,2561.15,86322500.0
2020-10-29,2562.61,2578.1,2561.74,2573.88,175112000.0
2020-11-01,2575.21,2603.29,2568.34,2603.29,193264000.0
2020-11-02,2602.91,2666.7,2602.91,2665.59,502662000.0
2020-11-03,2666.93,2708.0,2663.2,2672.42,412460000.0
2020-11-04,2676.45,2682.53,2662.01,2668.75,187323000.0
2020-11-05,2670.56,2673.89,2651.85,2655.41,204883000.0
2020-11-08,2657.47,2666.27,2647.07,2666.27,264559000.0
2020-11-09,2670.02,2707.06,2668.46,2697.89,390153000.0
2020-11-10,2707.34,2713.87,2695.42,2702.78,309517000.0
2020-11-11,2699.04,2709.92,2686.26,2709.92,382570000.0
2020-11-12,2716.04,2717.26,2696.29,2708.2,310296000.0
2020-11-18,2710.51,2722.8,2699.06,2722.8,274460000.0
2020-11-19,2724.3,2769.18,2724.3,2769.18,539092000.0
2020-11-22,2775.76,2813.14,2732.85,2764.3,470363000.0
2020-11-23,2766.55,2773.62,2738.67,2743.38,254043000.0
2020-11-24,2740.93,2769.25,2735.54,2768.98,349671000.0
2020-11-25,2770.76,2878.59,2770.76,2875.84,569069000.0
2020-11-26,2889.34,2929.05,2856.33,2859.19,433296000.0
2020-11-29,2866.69,2886.94,2850.45,2886.94,429070000.0
2020-11-30,2887.75,2924.54,2887.75,2924.54,553032000.0
2020-12-01,2929.02,2951.29,2910.12,2925.97,485245000.0
2020-12-02,2936.47,3158.54,2936.41,3158.54,1056940000.0
2020-12-03,3213.4,3324.15,3155.42,3188.61,1044790000.0
2020-12-06,3182.7,3182.7,2962.87,2964.43,609496000.0
2020-12-07,2959.14,3091.98,2959.14,3091.98,628364000.0
2020-12-08,3105.42,3160.81,3065.93,3088.27,736252000.0
2020-12-09,3092.92,3101.17,3003.5,3018.46,427798000.0
2020-12-10,3017.44,3042.71,2986.34,3019.25,295928000.0
2020-12-13,3023.62,3075.54,3023.62,3075.54,340318000.0
2020-12-14,3078.34,3214.83,3078.34,3211.75,785593000.0
2020-12-15,3225.39,3288.26,3225.39,3271.34,1045280000.0
2020-12-16,3276.49,3372.48,3249.22,3347.91,1168210000.0
2020-12-17,3352.55,3432.56,3320.35,3357.19,961410000.0
2020-12-21,3143.76,3218.12,3015.47,3186.93,742248000.0
2020-12-22,3206.48,3293.98,3206.48,3293.98,550183000.0
2020-12-23,3305.44,3359.01,3259.46,3263.05,432840000.0
2020-12-24,3265.27,3267.73,3211.78,3225.11,378560000.0
2020-12-27,3218.58,3230.55,3171.74,3183.26,362373000.0
2020-12-28,3182.49,3205.38,3161.79,3189.2,321801000.0
2020-12-29,3195.4,3226.76,3194.7,3200.57,379593000.0
2020-12-30,3217.88,3285.65,3210.51,3285.65,438654000.0
2020-12-31,3312.33,3337.81,3280.71,3285.83,499587000.0
2021-01-03,3316.11,3363.61,3310.35,3363.43,471535000.0
2021-01-04,3372.39,3397.73,3344.91,3358.7,491685000.0
2021-01-05,3351.04,3364.79,3342.91,3352.76,268494000.0
2021-01-06,3335.13,3409.06,3335.13,3409.06,491268000.0
2021-01-07,3427.58,3469.08,3419.4,3455.59,693832000.0
2021-01-10,3456.51,3481.54,3452.58,3477.4,607004000.0
2021-01-11,3478.6,3485.31,3443.3,3468.16,400356000.0
2021-01-12,3484.48,3521.35,3462.22,3521.35,566864000.0
2021-01-13,3533.64,3617.84,3528.27,3617.84,917927000.0
2021-01-17,3630.09,3733.4,3630.09,3733.4,835889000.0
2021-01-18,3739.86,3833.5,3738.39,3833.5,967759000.0
2021-01-19,3847.53,3874.87,3765.64,3825.09,998397000.0
2021-01-20,3827.04,3854.28,3805.34,3854.28,654564000.0
2021-01-21,3858.91,4012.94,3858.06,4008.45,1107060000.0
2021-01-24,4041.72,4121.41,4041.72,4110.98,1249160000.0
2021-01-25,4134.77,4149.24,4025.27,4061.38,1093360000.0
2021-01-26,4063.9,4063.9,3996.42,4001.66,900678000.0
2021-01-27,3997.45,4069.17,3978.83,4069.17,1108910000.0
2021-01-28,4080.38,4237.84,4080.38,4156.41,1620370000.0
2021-01-31,4174.82,4174.82,4012.9,4035.18,1428080000.0
2021-02-01,4046.57,4095.72,3990.2,4007.37,1045430000.0
2021-02-02,4042.0,4158.99,4042.0,4158.99,1068560000.0
2021-02-03,4197.05,4236.23,4127.63,4160.0,1205590000.0
2021-02-04,4168.16,4309.18,4144.88,4306.37,1849100000.0
2021-02-07,4374.99,4640.62,4374.99,4640.62,2537610000.0
2021-02-08,4790.97,4856.37,4548.6,4609.2,2336710000.0
2021-02-09,4622.51,4624.35,4459.52,4480.95,1824260000.0
2021-02-10,4508.5,4508.5,4432.87,4441.64,1171090000.0
2021-02-11,4455.24,4491.81,4311.5,4313.59,1587510000.0
2021-02-14,4337.28,4337.28,4208.08,4234.78,1028970000.0
2021-02-15,4252.64,4609.54,4422.35,4605.08,2887790000.0
2021-02-16,4724.13,4750.5,4548.58,4580.27,1705680000.0
2021-02-17,4611.43,4616.7,4511.52,4534.63,817935000.0
2021-02-18,4535.5,4549.47,4481.31,4506.62,776054000.0
2021-02-21,4521.24,4533.92,4441.67,4461.16,856242000.0
2021-02-22,4468.22,4469.58,4394.92,4404.21,955738000.0
2021-02-23,4414.17,4414.17,4277.35,4397.89,850702000.0
2021-02-24,4456.93,4492.65,4405.67,4420.04,572073000.0
2021-02-25,4425.42,4430.02,4346.12,4359.56,675710000.0
2021-02-28,4361.9,4361.9,4216.62,4218.27,795080000.0
2021-03-01,4218.48,4311.96,4150.5,4299.76,593749000.0
2021-03-02,4299.85,4316.25,4164.4,4187.68,682812000.0
2021-03-03,4187.89,4196.16,4084.15,4131.25,776562000.0
2021-03-04,4132.88,4340.31,4135.02,4340.31,838540000.0
2021-03-07,4352.32,4361.64,4284.22,4288.52,574808000.0
2021-03-09,4288.35,4298.77,4225.71,4241.06,411608000.0
2021-03-10,4276.0,4276.0,4196.3,4201.06,389332000.0
2021-03-14,4213.09,4213.09,4096.58,4110.38,507283000.0
2021-03-15,4105.82,4138.39,4060.73,4085.15,393770000.0
2021-03-16,4086.44,4151.56,4081.25,4112.51,376592000.0
2021-03-17,4144.04,4226.38,4117.07,4226.38,346580000.0
2021-03-18,4230.22,4328.51,4230.22,4328.51,537035000.0
2021-03-21,4337.71,4587.69,4337.71,4575.11,1177310000.0
2021-03-22,4615.5,4618.4,4478.63,4482.33,1188560000.0
2021-03-23,4488.07,4555.43,4452.93,4551.33,823123000.0
2021-03-24,4588.45,4673.8,4577.28,4673.8,1210910000.0
2021-03-25,4705.67,4712.36,4618.53,4626.26,1059350000.0
2021-03-29,4632.14,4698.4,4625.42,4670.76,765261000.0
2021-03-30,4679.89,4823.87,4679.89,4820.44,1550190000.0
2021-03-31,4879.44,4907.0,4847.4,4848.04,1172620000.0
2021-04-01,4878.92,4894.76,4838.53,4850.72,951417000.0
2021-04-04,4899.09,4915.58,4863.62,4873.73,1110850000.0
2021-04-05,4900.98,4928.54,4876.06,4908.35,805315000.0
2021-04-06,4925.07,4973.07,4924.84,4972.55,713724000.0
2021-04-07,4997.2,5112.58,4997.2,5079.99,1388780000.0
2021-04-08,5102.12,5186.12,5099.35,5186.12,1274420000.0
2021-04-12,5239.71,5424.82,5239.71,5374.68,2008210000.0
2021-04-13,5436.7,5455.98,5344.9,5360.29,1260290000.0
2021-04-15,5409.24,5413.29,5361.46,5366.43,1321200000.0
2021-04-18,5375.47,5384.02,5312.85,5316.11,1380020000.0
2021-04-19,5329.18,5342.25,5250.35,5253.41,1060090000.0
2021-04-20,5272.68,5306.39,5227.12,5259.6,943387000.0
2021-04-21,5289.58,5296.78,5190.75,5203.41,934652000.0
2021-04-22,5233.91,5265.5,5152.81,5256.6,942639000.0
2021-04-25,5280.94,5280.94,5077.6,5095.08,1082210000.0
2021-04-26,5105.63,5134.06,4973.21,4982.74,1135520000.0
2021-04-27,5005.22,5220.61,5005.22,5220.59,967336000.0
2021-04-28,5287.55,5273.92,5152.06,5174.17,622951000.0
2021-04-29,5182.76,5219.47,5173.63,5218.52,520723000.0
2021-05-02,5240.68,5323.25,5210.3,5323.25,1143290000.0
2021-05-03,5340.89,5421.13,5340.89,5392.23,1737550000.0
2021-05-04,5399.37,5537.51,5386.41,5529.88,1884560000.0
2021-05-05,5608.59,5608.59,5518.71,5525.98,1670440000.0
2021-05-06,5553.36,5553.36,5436.8,5462.5,1244500000.0
2021-05-09,5469.24,5469.24,5361.83,5365.44,1251160000.0
2021-05-10,5361.22,5422.37,5330.87,5416.32,836094000.0
2021-05-11,5446.89,5490.49,5428.81,5481.41,907558000.0
2021-05-12,5498.13,5502.13,5445.52,5463.61,667559000.0
2021-05-13,5467.22,5482.62,5461.97,5469.0,788051000.0
2021-05-16,5514.12,5572.23,5484.69,5572.23,1141200000.0
2021-05-17,5588.53,5639.19,5580.07,5587.53,1169390000.0
2021-05-18,5615.32,5672.94,5590.07,5672.94,1549400000.0
2021-05-19,5699.37,5744.54,5637.47,5664.34,1576540000.0
2021-05-20,5702.07,5702.07,5637.68,5650.51,985580000.0
2021-05-23,5646.57,5648.01,5568.89,5629.81,1150430000.0
2021-05-24,5665.09,5678.06,5603.71,5624.43,1241180000.0
2021-05-25,5644.77,5673.97,5608.65,5626.74,1013320000.0
2021-05-27,5366.75,5492.11,5345.55,5435.05,2481380000.0
2021-05-30,5448.37,5475.55,5354.39,5360.65,1249270000.0
2021-05-31,5366.6,5417.76,5349.33,5350.11,1040658316.0
2021-06-01,5344.96,5392.01,5307.42,5337.88,655662328.0
2021-06-02,5605.63,5407.5,5605.63,5407.5,1038990000.0
2021-06-03,5323.02,5512.05,5408.79,5447.85,1588120000.0
2021-06-06,5501.32,5503.05,5442.12,5452.13,910669000.0
2021-06-07,5495.94,5495.94,5409.13,5429.7,798307000.0
2021-06-08,5460.02,5460.02,5387.96,5405.48,828474000.0
2021-06-09,5425.49,5441.64,5384.24,5386.8,711508000.0
2021-06-10,5450.34,5450.34,5358.56,5394.15,938699000.0
2021-06-13,5393.51,5414.82,5360.6,5376.46,1037820000.0
2021-06-14,5404.35,5405.89,5345.03,5350.9,786394465.0
2021-06-15,5362.91,5366.48,5303.61,5311.76,793270547.0
2021-06-16,5275.7,5626.89,5275.7,5451.49,1802208504.0
2021-06-17,5473.02,5521.36,5378.87,5388.04,573348000.0
2021-06-20,5378.39,5394.58,5245.87,5271.43,768243000.0
2021-06-21,5253.41,5292.31,5165.69,5166.43,698388000.0
2021-06-22,5168.56,5239.96,5142.97,5231.15,561216000.0
2021-06-23,5262.33,5268.99,5116.74,5124.44,508080686.0
2021-06-24,5111.41,5130.41,5066.77,5074.86,467936951.0
2021-06-27,5074.86,5109.34,5064.36,5079.77,313613796.0
2021-06-28,5066.71,5244.72,5065.28,5191.17,659981364.0
2021-06-29,5246.28,5341.24,5195.5,5217.57,712830106.0
2021-06-30,5242.53,5246.1,5131.59,5169.97,301299999.0
2021-07-01,5207.82,5213.24,5160.68,5172.03,474872752.0
2021-07-04,5208.51,5208.51,5138.99,5146.17,387430933.0
2021-07-05,5159.22,5183.52,5107.42,5112.57,317047939.0
2021-07-06,5121.33,5128.12,5097.82,5114.29,434947857.0
2021-07-07,5072.05,5169.43,5070.45,5133.48,951210786.0
2021-07-08,5115.35,5202.24,5115.35,5201.61,468974164.0
2021-07-11,5218.47,5335.26,5218.47,5335.11,971794843.0
2021-07-12,5328.25,5395.43,5244.16,5262.52,1400842725.0
2021-07-13,5293.36,5320.28,5261.32,5296.44,602340134.0
2021-07-14,5306.19,5310.51,5268.02,5276.89,605577052.0
2021-07-15,5285.96,5323.97,5283.22,5323.81,607187067.0
2021-07-18,5338.32,5514.78,5336.14,5514.78,1068708686.1
2021-07-19,5518.31,5605.31,5491.9,5510.37,1007718273.5
2021-07-20,5512.48,5517.77,5469.06,5483.26,558449386.1
2021-07-22,5484.4,5497.94,5461.53,5470.53,571512082.7
2021-07-25,5472.88,5562.57,5472.89,5557.47,957516595.4
2021-07-26,5555.27,5674.57,5555.28,5655.55,1426038119.4
2021-07-27,5544.97,5584.77,5441.75,5538.88,1630076058.1
2021-07-28,5540.38,5595.91,5540.38,5576.13,771036667.6
2021-07-29,5589.06,5610.45,5556.66,5570.58,719613015.7
2021-08-01,5585.81,5648.86,5585.81,5636.12,1246027432.0
2021-08-02,5672.33,5762.15,5663.21,5761.05,1995886767.8
2021-08-03,5813.81,6003.51,5812.92,5982.97,3277769887.3
2021-08-04,6053.83,6101.17,5839.88,5857.24,2530276662.6
2021-08-05,5848.31,5883.09,5781.74,5818.4,1847618689.3
2021-08-08,5843.26,5848.62,5724.92,5743.68,1251043410.8
2021-08-09,5752.86,5760.53,5676.61,5685.78,1089757878.5
2021-08-10,5689.1,5798.45,5681.55,5759.22,919060572.4
2021-08-11,5760.31,5802.95,5757.1,5767.0,971409850.7
2021-08-12,5769.95,5785.02,5749.1,5761.35,966360320.4
2021-08-15,5761.22,5941.71,5753.14,5876.61,1987541230.4
2021-08-16,5895.78,5951.51,5891.49,5933.43,1788100163.0
2021-08-17,5941.31,5989.45,5924.95,5938.75,1624985831.3
2021-08-18,5948.92,5968.4,5899.84,5940.39,1381572395.2
2021-08-19,5941.13,6022.79,5940.32,5979.85,1326656867.1
2021-08-24,5992.59,6038.03,5931.81,5948.4,967996781.3
2021-08-25,5965.67,5987.8,5884.1,5889.97,906902289.5
2021-08-26,5910.12,5959.06,5904.02,5928.69,924735923.6
2021-08-29,5942.49,5960.24,5796.62,5813.74,1683949552.3
2021-08-31,5811.18,5812.54,5627.87,5649.68,1346000146.1
2021-09-01,5651.27,5707.92,5608.59,5643.75,948632999.3
2021-09-02,5650.29,5722.47,5582.73,5620.27,931473626.1
2021-09-05,5615.74,5622.0,5361.1,5457.2,1005648601.3
2021-09-06,5457.2,5700.17,5416.39,5698.2,825375534.9
2021-09-07,5712.69,5712.7,5530.0,5551.46,636206876.9
2021-09-08,5560.6,5570.17,5466.93,5484.39,793040402.8
2021-09-09,5487.98,5532.32,5450.28,5465.11,514921985.1
2021-09-12,5469.1,5581.81,5468.71,5578.32,794469966.5
2021-09-13,5585.91,5619.2,5535.69,5547.27,666714823.8
2021-09-14,5549.03,5564.16,5491.1,5518.65,498969817.9
2021-09-15,5519.6,5521.51,5452.03,5466.46,434237177.6
2021-09-16,5473.22,5473.23,5274.35,5295.31,839760588.3
2021-09-20,5309.03,5318.71,5122.62,5132.98,983297961.7
2021-09-21,5132.8,5213.21,4992.84,5147.47,658488819.4
2021-09-22,5155.69,5330.05,5155.7,5321.62,688047798.7
2021-09-23,5327.67,5379.36,5257.84,5276.74,568456347.9
2021-09-26,5277.41,5288.39,5147.32,5156.34,389793254.5
2021-09-27,5164.39,5165.35,5019.6,5024.58,465977874.1
2021-09-28,5019.62,5054.01,4881.57,4912.03,560811504.7
2021-09-29,4911.82,5000.79,4865.85,5000.79,414569194.5
2021-09-30,5002.33,5051.49,4952.78,4962.58,407525316.8
2021-10-03,4965.6,4970.06,4876.08,4893.19,404495790.8
2021-10-04,4901.49,4993.02,4841.29,4965.29,458373965.2
2021-10-05,4959.29,5105.21,4950.36,5101.82,585006588.9
2021-10-06,5117.89,5407.02,5112.68,5398.01,1249548809.3
2021-10-10,5440.73,5577.75,5337.35,5350.14,1154992334.9
2021-10-11,5359.9,5359.91,5221.97,5282.66,633751377.2
2021-10-17,5284.54,5341.53,5243.61,5299.75,193094439.6
2021-10-18,5309.62,5309.62,5099.27,5116.24,430063125.7
2021-10-19,5109.57,5110.67,4900.54,4987.98,509409913.0
2021-10-20,5006.62,5129.64,5004.73,5086.99,381699181.8
2021-10-21,5089.89,5109.87,5014.77,5073.2,377719029.5
2021-10-24,5068.58,5129.99,5056.01,5128.26,354910900.1
2021-10-25,5126.61,5253.6,5123.42,5249.39,589750484.0
2021-10-26,5257.34,5344.5,5257.34,5317.7,701935518.4
2021-10-27,5323.41,5422.97,5295.92,5376.31,831753429.6
2021-10-28,5385.09,5506.57,5366.14,5505.87,1059927363.2
2021-10-31,5510.82,5648.86,5503.47,5648.78,945869401.4
2021-11-01,5657.8,5709.4,5526.01,5557.46,998607362.3
2021-11-02,5565.76,5573.32,5491.58,5558.25,603739685.4
2021-11-03,5566.2,5611.85,5547.0,5575.66,547560514.6
2021-11-08,5577.03,5595.02,5507.75,5520.3,445703936.7
2021-11-09,5539.29,5542.87,5326.58,5362.99,662084516.8
2021-11-11,5363.2,5364.15,5239.48,5248.83,399795611.7
2021-11-14,5258.34,5278.64,5229.61,5253.11,346204589.2
2021-11-15,5266.52,5320.26,5264.52,5316.49,472735773.9
2021-11-16,5334.23,5406.04,5319.11,5406.04,443344414.7
2021-11-17,5411.04,5463.83,5408.52,5414.71,544453726.8
2021-11-18,5431.21,5456.13,5377.92,5406.44,745498149.2
2021-11-21,5424.9,5428.83,5376.91,5389.02,385021460.8
2021-11-22,5391.03,5409.25,5367.91,5374.45,355541217.2
2021-11-23,5374.98,5376.65,5293.04,5318.41,406304014.4
2021-11-24,5321.42,5326.46,5236.41,5321.35,410296181.1
2021-11-25,5331.15,5335.27,5260.79,5269.95,406443546.8
2021-11-28,5271.45,5292.04,5122.08,5130.54,637153545.8
2021-11-29,5127.12,5174.76,5076.83,5089.71,338762429.3
2021-11-30,5093.88,5121.65,5049.38,5078.06,289073185.7
2021-12-01,5058.38,5116.64,5067.95,5072.16,335892334.8
2021-12-02,5074.69,5111.93,4983.16,4990.23,445390683.3
2021-12-05,4992.57,4994.08,4836.33,4858.66,382665571.1
2021-12-06,4860.68,4924.07,4719.96,4924.07,411242797.9
2021-12-07,4930.83,5000.78,4846.95,4851.51,278429576.7
2021-12-08,4857.89,4862.47,4714.86,4725.9,296312714.55
2021-12-09,4725.9,4733.08,4670.97,4700.72,275532881.1
2021-12-12,4700.64,4709.23,4519.51,4525.03,306363457.7
2021-12-13,4523.54,4523.53,4306.63,4337.7,397448586.6
2021-12-14,4338.98,4623.43,4338.97,4623.27,161615314.0
2021-12-15,4652.34,4773.79,4549.34,4605.48,403457125.9
2021-12-16,4605.49,4605.97,4522.11,4524.43,160175498.9
2021-12-20,4543.48,4549.37,4485.27,4530.77,242272483.2
2021-12-21,4538.66,4624.76,4534.87,4621.49,248278360.7
2021-12-22,4630.62,4804.95,4630.36,4804.35,375156835.0
2021-12-23,4814.24,4877.87,4778.03,4851.65,410318652.0
2021-12-26,4859.9,5024.88,4859.9,5024.77,496938537.9
2021-12-27,5028.37,5078.98,4887.7,4906.72,564183536.1
2021-12-28,4918.02,4919.21,4836.15,4880.44,233500216.1
2021-12-29,4880.44,4903.32,4872.14,4892.25,245949673.6
2022-01-02,4897.9,5034.41,4897.07,5033.12,360665508.2
2022-01-03,5050.61,5207.6,5050.6,5178.27,575795410.9
2022-01-04,5185.94,5280.46,5127.48,5269.78,532382530.7
2022-01-05,5275.1,5308.59,5148.35,5158.91,370841474.6
2022-01-06,5163.79,5213.19,5126.23,5211.98,334578017.8
2022-01-09,5211.99,5312.62,5211.98,5282.52,512472950.0
2022-01-10,5286.62,5326.42,5269.77,5294.76,537945098.7
2022-01-11,5302.28,5549.49,5300.9,5501.51,839417965.5
2022-01-12,5503.29,5586.29,5413.87,5439.96,685102092.5
2022-01-13,5446.19,5616.01,5431.53,5614.3,780305604.9
2022-01-16,5621.59,5766.84,5621.59,5724.74,819896784.6
2022-01-17,5729.35,5769.26,5665.76,5718.21,584748691.1
2022-01-18,5721.73,5735.2,5596.86,5628.64,544102165.5
2022-01-19,5640.98,5660.7,5536.73,5551.78,452935378.9
2022-01-20,5555.18,5611.96,5525.89,5611.96,374860904.1
2022-01-23,5615.97,5674.36,5572.21,5601.01,444627159.0
2022-01-24,5614.69,5619.3,5377.76,5417.25,576984942.8
2022-01-25,5430.58,5483.94,5357.1,5402.02,452618419.5
2022-01-26,5406.83,5409.82,5305.94,5338.9,340689879.1
2022-01-27,5338.9,5393.48,5336.71,5344.2,269947377.4
2022-01-30,5363.81,5522.07,5363.8,5517.66,421242807.5
2022-01-31,5529.0,5580.04,5529.0,5547.83,550760506.5
2022-02-01,5555.23,5609.91,5555.23,5597.49,659015390.2
2022-02-03,5597.98,5663.1,5537.65,5543.16,520012271.6
2022-02-06,5543.55,5543.54,5453.51,5460.89,373144150.6
2022-02-07,5460.89,5483.27,5435.41,5456.5,219372409.5
2022-02-08,5483.98,5563.93,5401.86,5421.5,409755299.4
2022-02-09,5437.75,5437.74,5351.05,5371.46,267569400.5
2022-02-10,5369.26,5384.61,5329.63,5334.21,240770049.6
2022-02-13,5332.66,5332.65,5141.34,5147.85,445728238.6
2022-02-14,5149.58,5193.77,5146.36,5161.25,240998764.0
2022-02-15,5162.66,5307.15,5161.73,5307.01,294859302.6
2022-02-16,5315.26,5324.38,5250.0,5266.27,253316359.1
2022-02-17,5270.18,5285.17,5251.57,5261.8,351771551.7
2022-02-20,5247.07,5272.56,5175.57,5195.55,792349995.1
2022-02-21,5209.04,5229.4,5179.31,5207.83,407913997.3
2022-02-22,5215.37,5261.04,5214.43,5223.63,284374002.1
2022-02-23,5234.15,5241.94,5191.63,5197.5,182614923.3
2022-02-24,5197.82,5197.82,5083.11,5087.71,406540559.4
2022-02-27,5087.83,5100.42,5049.88,5056.65,210781320.5
2022-02-28,5059.56,5097.35,4989.98,4994.29,222859050.3
2022-03-02,4995.85,4998.49,4880.79,4887.47,259831503.1
2022-03-06,4887.56,4920.76,4868.78,4884.31,203252293.1
2022-03-07,4880.89,4922.07,4875.27,4879.74,181525113.0
2022-03-09,4881.04,4909.42,4827.08,4834.9,211548109.3
2022-03-10,4836.02,4933.49,4827.99,4933.49,199810528.3
2022-03-13,4938.43,5097.28,4938.43,5097.28,312015784.7
2022-03-14,5097.27,5125.35,5074.26,5115.58,75335240.8
2022-03-15,5115.85,5131.21,5059.94,5076.09,191380608.2
2022-03-16,5076.09,5087.96,5052.48,5066.82,147081599.6
2022-03-20,5075.4,5089.4,5040.52,5061.42,239629724.4
2022-03-21,5069.54,5095.26,5046.93,5094.79,187352281.7
2022-03-22,5101.95,5138.0,5101.94,5121.18,198144086.8
2022-03-23,5121.19,5148.54,5085.6,5100.43,200072578.2
2022-03-24,5103.6,5112.47,5072.7,5079.95,446779709.7
2022-03-27,5088.33,5134.33,5037.78,5040.24,167568820.1
2022-03-28,5058.57,5081.49,4988.21,4999.76,333542497.7
2022-03-29,5004.21,5014.02,4954.13,4965.22,147695734.0
2022-03-30,4971.72,5036.57,4947.8,5036.24,154257661.0
2022-03-31,5040.06,5072.56,4986.58,4990.7,127687277.2
2022-04-03,4990.43,4998.76,4917.23,4922.51,125465407.0
2022-04-04,4930.83,4953.57,4898.96,4900.4,143455873.0
2022-04-05,4900.71,4908.04,4812.89,4832.07,205861892.2
2022-04-06,4833.14,4836.85,4771.83,4778.26,254682642.9
2022-04-07,4778.27,4863.78,4774.5,4842.03,205164423.1
2022-04-11,4843.95,4921.7,4784.88,4790.44,187126197.7
2022-04-12,4790.16,4798.76,4721.65,4739.07,147031145.1
2022-04-13,4734.69,4840.58,4711.42,4840.58,131400111.1
2022-04-17,4850.01,4876.21,4782.07,4795.83,142789859.0
2022-04-18,4797.79,4810.82,4732.74,4759.61,120546100.3
2022-04-19,4759.62,4808.59,4721.93,4792.81,114478847.7
2022-04-20,4795.57,4805.88,4704.24,4719.3,247500546.5
2022-04-21,4718.22,4735.59,4637.55,4726.06,255498944.0
2022-04-24,4727.31,4921.78,4720.86,4905.48,225377537.8
2022-04-25,4909.26,4948.79,4828.61,4828.61,205817293.4
2022-04-26,4829.88,4867.21,4788.23,4815.02,129810601.8
2022-04-27,4815.45,4820.04,4767.11,4811.47,98807717.4
2022-04-28,4812.68,4837.6,4763.76,4773.44,130773995.5
2022-05-02,4772.59,4772.59,4691.54,4704.37,137620022.7
2022-05-04,4705.63,4721.77,4644.67,4650.78,125223267.8
2022-05-05,4650.79,4650.78,4557.3,4577.41,153145302.7
2022-05-08,4578.07,4582.29,4502.26,4577.38,133089003.2
2022-05-09,4579.61,4674.87,4579.61,4638.12,132820393.5
2022-05-10,4640.27,4729.01,4636.59,4724.62,128454910.0
2022-05-11,4729.22,4878.68,4729.21,4878.51,191025915.1
2022-05-12,4881.69,4894.34,4802.35,4803.94,178836756.6
2022-05-17,4803.94,4803.94,4649.99,4660.65,216918624.5
2022-05-18,4659.51,4667.77,4596.24,4661.22,161706911.9
2022-05-19,4661.63,4677.0,4607.97,4610.5,111375003.8
2022-05-20,4610.51,4627.33,4583.48,4589.51,85588935.2
2022-05-23,4596.27,4600.5,4492.61,4511.48,177764080.5
2022-05-24,4512.71,4566.18,4492.84,4537.17,134900162.6
2022-05-25,4546.18,4578.68,4536.88,4566.2,99689970.9
2022-05-26,4573.96,4593.61,4539.74,4569.0,102305527.7
2022-05-27,4571.98,4590.65,4543.05,4549.74,96119670.0
2022-05-30,4550.96,4577.16,4476.39,4478.15,120183059.2
2022-05-31,4477.31,4477.3,4395.65,4403.44,149461188.8
2022-06-01,4403.44,4453.26,4375.65,4390.14,99575373.9
2022-06-02,4391.26,4425.52,4357.86,4360.72,107370248.8
2022-06-03,4359.34,4364.1,4274.71,4297.9,138445825.3
2022-06-06,4297.8,4341.99,4282.0,4320.7,112535311.5
2022-06-07,4320.51,4329.02,4240.93,4250.76,120120598.6
2022-06-08,4250.77,4428.03,4248.17,4405.57,149636725.0
2022-06-09,4412.73,4495.16,4361.2,4367.54,139303006.8
2022-06-10,4372.93,4379.82,4323.45,4348.16,67351408.2
2022-06-13,4352.25,4354.24,4307.85,4320.13,128435296.4
2022-06-14,4320.47,4320.47,4233.93,4242.93,140846857.7
2022-06-15,4245.01,4250.93,4144.94,4176.13,141485171.4
2022-06-16,4176.29,4242.08,4164.94,4215.28,90930091.42
2022-06-17,4217.95,4237.79,4193.6,4213.48,44147587.0
2022-06-19,4213.48,4213.62,4130.5,4148.45,98370701.8
2022-06-20,4147.55,4147.98,4022.25,4033.1,158027673.4
2022-06-21,4043.34,4145.51,4030.89,4129.8,126434011.2
2022-06-22,4128.44,4130.82,4074.72,4083.93,84398197.9
2022-06-23,4083.29,4083.34,3956.1,3981.77,131206613.6
2022-06-24,3986.4,4037.44,3901.67,4013.54,124505235.1
2022-06-26,4015.4,4246.38,4015.19,4244.57,221242141.6
2022-06-27,4249.48,4298.72,4168.85,4177.36,179783665.4
2022-06-28,4183.12,4184.49,4106.09,4138.56,84543375.8
2022-06-29,4145.06,4253.33,4137.75,4253.33,151159883.9
2022-06-30,4258.09,4464.92,4258.08,4458.31,316767651.2
2022-07-01,4474.74,4514.52,4429.69,4487.79,194325171.1
2022-07-03,4487.79,4628.07,4476.51,4626.94,302712459.0
2022-07-04,4631.91,4753.93,4523.35,4565.69,552354777.8
2022-07-05,4555.14,4594.91,4424.55,4452.66,318317598.8
2022-07-06,4461.91,4477.01,4364.93,4463.23,191282400.6
2022-07-07,4476.7,4541.49,4412.92,4425.94,182395756.1
2022-07-08,4432.58,4436.18,4349.84,4360.39,122071177.35
2022-07-11,4359.11,4362.27,4168.21,4172.86,271603615.3
2022-07-12,4174.53,4236.99,4154.62,4187.04,172844286.9
2022-07-13,4190.6,4321.78,4190.6,4321.78,180894343.1
2022-07-14,4329.42,4399.97,4308.85,4383.14,240027437.3
2022-07-15,4383.14,4451.96,4337.59,4451.78,176262166.3
2022-07-17,4454.77,4463.11,4401.72,4434.6,180424170.6
2022-07-18,4436.3,4466.75,4392.98,4466.75,170261715.5
2022-07-19,4468.8,4583.43,4468.8,4548.38,349708633.8
2022-07-20,4548.68,4581.61,4520.72,4550.92,229421426.5
2022-07-21,4558.29,4571.83,4524.39,4534.38,218236133.3
2022-07-22,4536.36,4542.97,4453.81,4485.53,177186604.9
2022-07-24,4491.68,4660.71,4491.47,4660.7,417633781.9
2022-07-25,4664.55,4854.84,4664.54,4846.67,617165158.2
2022-07-26,4851.59,4876.17,4721.18,4736.19,499798323.7
2022-07-27,4742.32,4844.2,4672.05,4843.91,512889994.5
2022-07-28,4854.59,5019.65,4854.59,4914.64,760333967.1
2022-07-29,4918.7,4949.05,4882.2,4934.8,243806024.4
2022-07-31,4939.91,4989.69,4939.9,4989.06,505316682.7
2022-08-01,4985.44,5015.09,4923.18,4930.37,514536178.9
2022-08-02,4936.92,4986.4,4868.58,4972.03,565448994.2
2022-08-03,4975.06,5028.28,4965.04,4979.29,489192093.6
2022-08-04,4989.96,4992.12,4892.88,4898.68,506650433.7
2022-08-05,4901.99,4901.98,4769.32,4782.51,352835701.6
2022-08-07,4789.98,4835.11,4776.99,4810.39,439372841.4
2022-08-08,4819.16,4880.17,4787.69,4792.91,443378953.9
2022-08-09,4795.1,4809.23,4660.44,4667.29,364471737.5
2022-08-10,4666.74,4688.45,4607.53,4651.77,266651326.3
2022-08-11,4655.45,4701.52,4616.52,4617.83,322103188.58
2022-08-14,4617.91,4647.69,4565.93,4567.33,297667757.9
2022-08-15,4567.69,4703.35,4563.39,4703.35,343003902.9
2022-08-16,4709.16,4755.58,4633.64,4643.65,349053298.8
2022-08-17,4643.3,4673.39,4633.21,4646.74,155667378.3
2022-08-18,4650.37,4716.85,4650.37,4708.3,236655972.7
2022-08-21,4707.95,4762.96,4690.6,4700.59,325193333.4
2022-08-22,4701.18,4705.75,4664.2,4685.26,226272217.4
2022-08-23,4685.56,4702.45,4659.12,4673.71,151154102.6
2022-08-24,4674.08,4712.19,4667.66,4683.22,180930923.8
2022-08-25,4691.45,4707.57,4647.03,4656.15,303403337.0
2022-08-26,4660.54,4663.04,4605.82,4614.74,107208627.6
2022-08-28,4614.74,4628.78,4503.34,4511.1,230681586.3
2022-08-29,4511.45,4529.06,4484.07,4507.12,158157800.6
2022-08-30,4507.46,4567.39,4498.41,4511.39,120416252.0
2022-08-31,4512.81,4519.78,4435.94,4446.26,142216350.6
2022-09-01,4441.17,4471.11,4399.47,4447.95,178201256.1
2022-09-02,4447.38,4476.55,4440.44,4448.41,58498841.0
2022-09-04,4449.14,4493.28,4449.14,4470.01,122845177.1
2022-09-05,4470.9,4500.99,4464.77,4473.01,109406707.5
2022-09-06,4484.55,4485.85,4411.34,4420.6,107764995.6
2022-09-07,4421.37,4426.56,4371.83,4388.28,110436837.0
2022-09-08,4389.14,4417.27,4351.56,4386.72,99336604.9
2022-09-11,4387.66,4411.85,4344.44,4350.11,84087197.8
2022-09-12,4350.96,4357.34,4314.48,4319.85,121925962.4
2022-09-13,4320.54,4390.0,4320.53,4373.43,115585234.1
2022-09-14,4375.47,4484.99,4375.47,4479.26,165056674.2
2022-09-15,4483.16,4510.19,4333.33,4339.66,193239123.1
2022-09-16,4339.67,4339.66,4234.87,4295.8,101779182.1
2022-09-18,4296.61,4298.93,4214.05,4218.37,138547234.3
2022-09-20,4219.18,4221.12,4100.09,4114.06,152077200.4
2022-09-21,4114.83,4180.03,4114.82,4142.41,91178624.7
2022-09-22,4143.17,4151.61,4096.4,4099.12,86363360.3
2022-09-25,4099.42,4100.31,4042.3,4047.88,112316080.5
2022-09-27,4048.12,4119.1,4048.12,4084.24,100474309.0
2022-09-28,4085.01,4129.54,4085.01,4123.45,49396968.6
2022-09-29,4125.0,4192.88,4124.14,4191.82,90531549.0
2022-10-09,4193.38,4304.19,4193.38,4304.19,74224748.8
2022-10-10,4305.5,4327.74,4226.87,4230.34,101860653.4
2022-10-11,4230.95,4239.04,4187.77,4212.67,63965497.8
2022-10-12,4212.96,4251.17,4194.12,4231.23,93340343.7
2022-10-13,4231.54,4253.78,4221.44,4234.94,75106973.2
2022-10-16,4235.23,4245.12,4194.69,4199.52,76567249.6
2022-10-17,4200.3,4207.6,4190.6,4193.5,63101234.9
2022-10-19,4194.18,4210.45,4152.07,4161.59,76265502.5
2022-10-20,4163.42,4169.04,4129.58,4161.52,95120415.4
2022-10-23,4161.52,4191.41,4157.76,4191.02,48149454.0
2022-10-31,4193.01,4203.35,4183.85,4203.35,70886070.3
2022-11-01,4205.8,4297.94,4203.71,4297.07,125570131.2
2022-11-02,4297.35,4347.65,4278.51,4333.96,140145933.3
2022-11-03,4333.61,4340.45,4277.55,4286.73,78768112.8
2022-11-06,4297.17,4486.97,4297.16,4482.93,388234426.8
2022-11-07,4508.81,4532.99,4455.92,4461.41,530348929.7
2022-11-08,4461.73,4479.47,4423.66,4433.49,161737085.3
2022-11-09,4436.0,4436.0,4306.27,4314.03,230227730.1
2022-11-10,4316.5,4341.23,4254.49,4263.46,151756870.2
2022-11-13,4258.77,4258.83,4196.83,4209.64,162855506.1
2022-11-14,4209.92,4234.29,4179.51,4233.65,114315029.4
2022-11-15,4235.47,4262.1,4201.84,4208.37,127107935.1
2022-11-16,4207.86,4236.91,4207.85,4225.39,115281340.0
2022-11-17,4220.46,4267.98,4211.44,4263.79,260629881.2
2022-11-22,4263.03,4280.93,4231.37,4244.35,104797207.13
2022-11-23,4244.58,4257.81,4213.97,4226.75,97646219.7
2022-11-24,4231.05,4260.36,4231.05,4254.13,107825567.5
2022-11-27,4255.49,4385.16,4255.49,4384.99,257252006.9
2022-11-28,4391.94,4417.09,4361.44,4369.87,181198138.7
2022-11-29,4370.1,4399.33,4329.63,4395.16,130900490.5
2022-11-30,4389.76,4397.85,4363.4,4395.44,152270553.1
2022-12-01,4399.39,4430.47,4378.51,4406.15,177363645.4
2022-12-04,4408.93,4456.29,4407.64,4422.5,308251922.8
2022-12-05,4424.55,4429.71,4355.77,4363.93,156250114.8
2022-12-06,4367.28,4384.64,4345.68,4376.33,147580331.1
2022-12-07,4387.31,4392.17,4358.1,4366.46,135483034.9
2022-12-11,4369.16,4373.16,4302.86,4311.12,148755682.6
2022-12-12,4313.09,4347.83,4297.8,4342.77,150037867.5
2022-12-13,4342.94,4385.24,4338.71,4349.22,123339664.6
2022-12-14,4350.58,4358.15,4333.22,4342.41,87354855.9
2022-12-15,4344.49,4346.95,4295.79,4305.45,173770876.4
2022-12-18,4305.45,4305.56,4234.07,4249.19,138058990.4
2022-12-19,4249.4,4251.55,4214.22,4235.45,145727476.5
2022-12-20,4235.89,4278.15,4229.94,4265.68,148367871.2
2022-12-21,4263.79,4282.56,4243.59,4252.12,137018238.2
2022-12-22,4251.81,4265.21,4222.66,4244.74,152447628.2
2022-12-26,4246.04,4367.11,4246.04,4363.55,263731268.06
2022-12-27,4367.64,4440.91,4367.64,4419.1,346655855.4
2022-12-28,4419.1,4423.84,4360.01,4372.8,177637919.9
2022-12-29,4375.28,4486.97,4369.94,4486.67,309189944.7
2023-01-01,4496.11,4570.13,4475.55,4515.16,365731825.2
2023-01-02,4515.16,4570.13,4500.04,4564.07,286828390.3
2023-01-03,4567.23,4700.58,4560.38,4675.41,536432175.4
2023-01-04,4678.46,4940.57,4678.46,4940.57,579909382.0
2023-01-05,4959.92,5048.23,4915.42,5005.01,734868530.3
2023-01-08,5021.18,5049.94,4945.96,4994.02,674344700.6
2023-01-09,4996.1,5022.38,4972.14,5002.79,548137282.8
2023-01-10,5003.39,5053.8,4886.49,4902.44,730519621.7
2023-01-12,4920.76,4987.05,4797.83,4809.12,636609456.0
2023-01-17,4812.58,4865.82,4811.34,4865.52,372647500.6
2023-01-18,4880.73,4939.51,4846.86,4864.57,407601585.4
2023-01-19,4871.05,4876.76,4817.52,4828.58,273900328.9
2023-01-23,4827.48,4855.78,4778.26,4786.33,306823523.0
2023-01-24,4788.85,4791.87,4726.52,4790.53,282357731.9
2023-01-25,4794.45,4869.5,4794.45,4838.46,390226485.6
2023-01-26,4846.19,4875.6,4810.72,4822.74,220546363.8
2023-01-29,4821.0,4828.24,4776.76,4781.16,300542640.4
2023-01-30,4775.97,4778.37,4680.78,4695.43,313200093.9
2023-01-31,4693.01,4693.01,4629.5,4641.39,211200147.6
2023-02-01,4642.05,4649.51,4611.48,4625.91,135574510.2
2023-02-02,4625.16,4652.29,4576.79,4583.72,168424650.5
2023-02-05,4583.26,4618.0,4563.09,4568.05,188022599.8
2023-02-06,4565.84,4581.72,4543.8,4575.29,132421435.9
2023-02-07,4576.39,4722.56,4576.39,4722.18,251563009.9
2023-02-08,4721.26,4806.29,4682.15,4704.31,276968087.4
2023-02-09,4705.08,4727.4,4673.16,4720.83,142834999.2
2023-02-12,4727.18,4728.25,4609.05,4618.11,257198606.4
2023-02-14,4630.37,4632.64,4558.43,4571.18,180587140.7
2023-02-15,4571.5,4584.4,4527.37,4540.71,170741850.0
2023-02-16,4537.29,4554.66,4481.75,4484.35,191775069.0
2023-02-20,4476.89,4480.38,4373.51,4379.29,243188229.5
2023-02-22,4376.03,4393.97,4310.38,4319.04,261731808.7
2023-02-23,4288.21,4289.75,3893.84,3907.02,733116964.1
2023-02-26,3868.86,4027.13,3664.39,4015.46,561995729.8
2023-02-27,4015.96,4062.08,3914.98,3976.09,266484210.5
2023-02-28,3977.11,3986.47,3932.62,3944.97,152389348.9
2023-03-01,3945.28,3949.9,3838.8,3840.3,208721615.7
2023-03-02,3831.08,3832.46,3731.4,3739.04,189615474.6
2023-03-05,3739.34,3755.14,3645.46,3650.14,198409080.6
2023-03-07,3645.73,3699.79,3637.34,3668.49,171446649.5
2023-03-09,3675.48,3778.22,3675.48,3778.22,145897760.1
2023-03-12,3793.65,3817.11,3728.35,3748.3,143329703.7
2023-03-13,3749.41,3750.46,3669.83,3687.46,120841375.7
2023-03-14,3688.68,3701.95,3653.94,3673.01,102983014.6
2023-03-15,3674.41,3679.54,3582.05,3604.66,109022992.9
2023-03-16,3604.96,3615.47,3559.2,3572.15,95772885.5
2023-03-19,3571.72,3582.93,3526.17,3534.47,105620566.5
2023-03-20,3534.99,3563.94,3529.34,3549.47,95807832.7
2023-03-22,3551.06,3576.42,3530.4,3537.73,112163203.6
2023-03-23,3538.7,3541.08,3470.7,3478.57,125727176.5
2023-03-26,3480.86,3484.25,3324.3,3344.65,188421510.9
2023-03-27,3339.62,3339.62,3228.47,3327.63,204982420.1
2023-03-28,3325.86,3469.02,3325.67,3443.53,189523667.5
2023-03-29,3445.14,3463.14,3401.73,3452.72,95379795.6
2023-03-30,3450.25,3463.94,3407.64,3420.26,99144277.0
2023-04-02,3425.34,3459.07,3371.64,3384.42,91243322.7
2023-04-03,3384.42,3393.26,3321.11,3345.43,77779594.5
2023-04-04,3345.43,3371.37,3313.79,3353.07,61434851.1
2023-04-05,3352.68,3385.2,3335.42,3382.12,61805090.8
2023-04-06,3382.12,3403.0,3355.34,3368.98,91228246.6
2023-04-09,3368.27,3377.89,3313.87,3324.62,73287081.6
2023-04-10,3324.62,3347.92,3308.5,3331.31,64763138.4
2023-04-11,3331.31,3381.24,3327.86,3381.06,50281460.5
2023-04-12,3381.06,3554.49,3381.06,3553.73,137779977.1
2023-04-13,3560.77,3583.86,3500.45,3521.61,117373243.6
2023-04-16,3521.44,3526.38,3479.99,3498.31,86167436.3
2023-04-17,3500.53,3507.72,3427.85,3439.8,64868268.7
2023-04-18,3441.24,3445.39,3407.36,3419.79,76154266.9
2023-04-19,3419.49,3452.0,3417.42,3451.96,58226920.6
2023-04-20,3453.8,3473.45,3406.59,3412.66,58101325.0
2023-04-23,3412.66,3420.08,3365.98,3383.57,53568234.1
2023-04-24,3383.57,3394.4,3365.64,3387.53,43558147.4
2023-04-25,3388.21,3404.6,3373.26,3403.31,48475686.3
2023-04-26,3403.31,3421.51,3368.97,3382.36,57570671.9
2023-04-27,3383.74,3387.94,3354.12,3362.45,42281897.7
2023-04-30,3362.45,3363.5,3324.46,3331.01,55839379.6
2023-05-02,3331.01,3334.03,3303.07,3310.41,43068757.52
2023-05-03,3310.41,3320.72,3283.48,3289.0,43543655.8
2023-05-04,3289.01,3312.84,3267.29,3310.4,49556616.2
2023-05-07,3310.4,3317.0,3264.0,3269.23,41950460.2
2023-05-08,3265.4,3268.56,3225.91,3242.43,49930789.3
2023-05-09,3242.44,3278.38,3231.64,3253.41,41974234.5
2023-05-10,3254.49,3277.53,3237.18,3254.35,42934491.7
2023-05-11,3251.2,3254.86,3223.22,3235.71,55655494.3
2023-05-14,3235.19,3241.6,3209.01,3219.3,69823474.1
2023-05-15,3219.3,3230.1,3207.88,3230.09,61072493.3
2023-05-16,3230.1,3262.27,3216.77,3256.32,61430719.8
2023-05-17,3255.92,3299.49,3248.15,3287.57,69761653.0
2023-05-18,3287.96,3362.38,3287.96,3361.1,95007441.6
2023-05-21,3363.59,3418.21,3363.26,3380.68,110041567.9
2023-05-22,3385.11,3416.12,3355.54,3398.44,69188794.4
2023-05-23,3398.44,3535.56,3398.27,3535.55,162267707.1
2023-05-24,3536.94,3618.37,3513.06,3612.67,201474399.0
2023-05-28,3613.32,3666.58,3577.36,3579.87,211020319.7
2023-05-30,3584.72,3586.03,3452.27,3457.51,178577739.7
2023-05-31,3456.21,3473.14,3374.57,3394.5,129912054.9
2023-06-01,3394.83,3432.88,3359.35,3418.9,122651793.4
2023-06-04,3418.9,3511.4,3418.9,3507.82,105752718.5
2023-06-05,3508.28,3548.25,3480.91,3489.18,117507799.4
2023-06-06,3488.95,3527.36,3478.25,3521.64,120954985.8
2023-06-07,3522.45,3581.65,3522.45,3564.7,172709629.2
2023-06-08,3569.03,3569.03,3533.15,3565.77,152036532.2
2023-06-11,3565.77,3648.56,3564.67,3648.56,217425137.5
2023-06-12,3649.99,3683.37,3633.27,3663.49,191558812.3
2023-06-13,3663.49,3777.97,3643.44,3760.1,329585309.4
2023-06-14,3760.29,3864.11,3760.29,3825.12,363649070.3
2023-06-15,3824.85,3853.26,3764.82,3803.36,185944488.5
2023-06-18,3806.37,3907.99,3804.36,3906.88,275974097.9
2023-06-19,3907.17,3916.86,3854.73,3877.75,224762937.9
2023-06-20,3878.75,3894.98,3790.46,3793.82,241523726.5
2023-06-21,3793.83,3808.92,3730.39,3753.44,177011683.9
2023-06-22,3753.7,3782.59,3715.26,3728.5,168349769.8
2023-06-25,3728.76,3796.75,3724.38,3796.74,282202045.2
2023-06-26,3796.75,3952.41,3795.43,3948.35,417774840.9
2023-06-27,3956.58,4302.05,3954.52,4302.05,1034829661.9
2023-06-28,4335.09,4386.95,4169.33,4173.3,596737338.7
2023-07-02,4172.94,4181.36,3966.9,3975.05,448605591.3
2023-07-03,3976.68,4037.45,3914.33,3923.52,317025718.4
2023-07-04,3923.52,3991.08,3899.07,3953.73,218221123.1
2023-07-05,3955.1,3966.88,3857.59,3867.73,349858113.7
2023-07-06,3872.12,3885.97,3814.28,3859.85,181939805.9
2023-07-09,3861.02,3909.93,3859.76,3900.39,190904700.6
2023-07-10,3902.98,3994.92,3900.93,3944.23,263453866.4
2023-07-11,3944.23,3948.23,3920.61,3938.69,156331711.0
2023-07-12,3938.7,4012.45,3938.7,4012.44,237026519.7
2023-07-13,4019.88,4074.57,3993.11,4010.46,263685132.2
2023-07-16,4010.47,4049.56,3974.87,4049.56,151932048.7
2023-07-17,4051.49,4110.86,4005.13,4110.85,225563322.5
2023-07-18,4114.14,4157.36,4099.55,4128.72,474893375.5
2023-07-19,4129.39,4136.83,4089.27,4107.89,249060840.9
2023-07-20,4107.74,4111.21,4058.53,4082.59,184591619.3
2023-07-23,4082.14,4147.04,4076.4,4132.25,266136832.4
2023-07-24,4133.46,4139.65,4073.47,4090.81,237747938.2
2023-07-25,4093.05,4097.74,4032.25,4054.32,188979292.0
2023-07-26,4055.39,4067.32,4014.01,4023.33,157456600.2
2023-07-27,4023.15,4029.54,3948.04,3963.39,158800748.1
2023-07-30,3964.19,3971.56,3881.08,3898.04,128124139.2
2023-07-31,3900.6,3923.28,3881.43,3893.93,133575871.8
2023-08-01,3893.94,3908.11,3832.82,3839.84,120627923.0
2023-08-02,3839.85,3842.51,3795.79,3828.77,66810542.8
2023-08-03,3829.03,3849.09,3816.59,3841.43,79773504.9
2023-08-06,3840.02,3845.68,3760.44,3779.6,118801701.0
2023-08-07,3788.64,3814.89,3758.53,3790.62,111800984.7
2023-08-08,3787.72,3797.42,3714.17,3729.63,102900683.7
2023-08-09,3730.9,3781.86,3678.13,3781.86,101338114.3
2023-08-10,3779.12,3789.83,3745.97,3776.07,104377409.1
2023-08-13,3775.77,3781.49,3740.49,3762.51,84527854.5
2023-08-14,3770.85,3804.88,3756.2,3776.76,152327189.6
2023-08-15,3779.3,3779.73,3720.65,3736.59,158189837.5
2023-08-16,3726.51,3726.56,3660.03,3691.41,117985332.9
2023-08-17,3695.41,3704.42,3675.2,3701.9,113213587.2
2023-08-20,3701.45,3715.92,3665.06,3669.66,165805858.8
2023-08-21,3669.67,3671.26,3636.88,3654.02,81273270.0
2023-08-22,3653.58,3670.53,3625.7,3670.53,70371076.8
2023-08-23,3671.42,3732.44,3664.46,3732.34,112386674.1
2023-08-24,3732.63,3737.77,3660.46,3676.02,114411236.2
2023-08-27,3676.02,3680.94,3622.41,3635.48,95489822.0
2023-08-28,3638.58,3652.14,3618.98,3635.23,67765751.4
2023-08-29,3636.19,3643.6,3619.6,3634.63,51271670.6
2023-08-30,3626.14,3641.54,3602.35,3619.08,80192790.3
2023-09-03,3619.09,3620.48,3547.69,3555.18,74059087.0
2023-09-04,3555.19,3576.79,3524.66,3573.82,68718723.5
2023-09-05,3567.22,3578.73,3535.44,3566.31,52753660.2
2023-09-07,3565.71,3568.61,3501.01,3516.8,69637793.3
2023-09-10,3513.8,3545.7,3502.36,3545.66,62268054.2
2023-09-11,3542.89,3605.06,3533.19,3605.06,84921454.7
2023-09-12,3601.75,3613.57,3545.56,3554.5,73543017.3
2023-09-13,3555.6,3623.52,3544.0,3623.52,80926983.9
2023-09-17,3624.86,3626.13,3541.32,3556.48,95230516.8
2023-09-18,3558.19,3574.78,3538.24,3563.59,42156118.9
2023-09-19,3563.15,3583.57,3540.49,3582.1,65780480.2
2023-09-21,3580.3,3678.75,3579.4,3664.43,170110085.0
2023-09-24,3664.17,3726.11,3653.21,3700.8,230964158.7
2023-09-25,3702.45,3703.67,3650.28,3677.87,121311479.9
2023-09-26,3672.53,3722.05,3669.06,3721.0,159948639.9
2023-09-27,3717.53,3720.88,3664.45,3691.99,146938097.4
2023-10-01,3687.4,3688.11,3610.38,3636.06,114261293.7
2023-10-02,3636.23,3654.56,3601.7,3654.56,78571916.8
2023-10-03,3654.56,3646.97,3600.92,3623.15,96842541.5
2023-10-04,3620.71,3650.67,3616.25,3641.11,76430697.1
2023-10-05,3638.21,3641.07,3606.45,3623.63,91378294.8
2023-10-08,3622.45,3626.04,3550.77,3565.09,113983269.13
2023-10-09,3564.51,3567.56,3525.23,3536.86,108227609.4
2023-10-10,3538.86,3539.32,3491.29,3511.77,60638883.5
2023-10-11,3511.77,3529.01,3495.55,3528.63,68393064.6
2023-10-12,3526.58,3526.58,3470.78,3501.1,95870030.4
2023-10-16,3500.29,3502.05,3433.93,3445.74,69475581.2
2023-10-17,3444.81,3501.64,3444.8,3473.81,65770089.9
2023-10-18,3472.99,3552.35,3471.27,3552.35,67809800.3
2023-10-19,3550.22,3554.55,3515.73,3538.66,62821227.0
2023-10-29,3538.74,3538.74,3467.98,3504.55,64240856.2
2023-10-30,3504.55,3508.3,3450.24,3508.22,50775860.5
2023-10-31,3507.74,3510.16,3452.9,3478.42,51736895.4
2023-11-01,3479.23,3490.17,3438.45,3453.94,43171309.4
2023-11-02,3453.44,3466.05,3413.05,3428.48,63795951.9
2023-11-05,3429.02,3429.02,3368.96,3394.32,76113562.6
2023-11-06,3392.26,3411.62,3372.54,3403.34,57179788.6
2023-11-07,3403.34,3433.23,3397.45,3424.4,45715610.3
2023-11-08,3422.22,3434.92,3415.66,3432.82,34966559.8
2023-11-09,3432.4,3432.39,3389.04,3404.09,50935706.2
2023-11-20,3401.58,3409.81,3322.87,3355.6,88237878.5
2023-11-21,3355.61,3355.6,3249.6,3258.43,94142836.2
2023-11-22,3255.39,3286.14,3228.85,3282.12,57131896.3
2023-11-23,3282.13,3282.27,3247.97,3272.67,53725703.1
2023-11-26,3272.04,3339.99,3271.3,3339.99,92070707.0
2023-11-27,3336.76,3360.93,3302.46,3314.13,57092433.2
2023-11-28,3313.43,3320.16,3279.17,3294.81,69244280.1
2023-11-29,3294.36,3313.88,3272.43,3286.32,56031970.9
2023-11-30,3283.18,3298.06,3235.09,3264.92,73248549.8
2023-12-03,3263.9,3271.36,3221.24,3267.11,74904307.5
2023-12-04,3263.9,3268.46,3235.71,3267.26,57753510.1
2023-12-05,3264.42,3266.12,3221.57,3237.35,47969315.9
2023-12-06,3237.9,3254.18,3205.01,3254.18,54989794.1
2023-12-07,3254.28,3266.01,3228.44,3256.94,73805487.2
2023-12-10,3256.47,3441.11,3256.46,3441.11,11832315.9
2023-12-11,3477.63,3491.05,3395.31,3456.57,253672870.3
2023-12-12,3453.58,3510.2,3426.43,3510.2,228140865.7
2023-12-13,3524.52,3559.89,3478.77,3539.33,185896873.5
2023-12-14,3534.52,3534.95,3486.68,3522.28,154727533.41
2023-12-17,3522.84,3567.01,3484.37,3562.57,179066579.3
2023-12-18,3565.62,3760.8,3565.62,3759.59,471540159.4
2023-12-19,3775.78,3818.53,3725.67,3818.32,229436882.58
2023-12-20,3837.25,3875.13,3807.31,3854.03,295002570.1
2023-12-21,3859.86,3870.14,3751.15,3775.89,285978640.5
2023-12-24,3777.46,3784.21,3712.24,3723.5,279443578.6
2023-12-27,3723.13,3748.49,3660.45,3678.48,209763248.5
2023-12-28,3678.48,3692.94,3638.92,3670.31,195772292.6
2024-01-01,3674.29,3712.8,3655.89,3664.6,168092892.4
2024-01-02,3665.37,3683.1,3604.07,3616.9,198770978.3
2024-01-03,3621.96,3637.83,3598.66,3637.83,109491868.6
2024-01-04,3630.97,3669.85,3617.46,3626.74,147430229.0
2024-01-07,3625.97,3647.45,3583.59,3610.41,192109106.0
2024-01-08,3611.24,3653.0,3603.09,3653.0,203900095.4
2024-01-09,3648.89,3704.44,3646.08,3693.83,178855861.35
2024-01-10,3697.05,3790.19,3697.04,3731.53,282717500.4
2024-01-11,3731.76,3765.99,3712.46,3762.54,178885730.0
2024-01-14,3762.55,3839.61,3749.04,3836.31,275682108.4
2024-01-16,3838.04,3952.76,3836.07,3952.4,367701234.0
2024-01-17,3951.53,4050.5,3939.28,3963.81,536013480.6
2024-01-18,3963.88,3964.17,3873.84,3922.86,279286781.4
2024-01-21,3918.6,3925.3,3852.62,3867.13,286331124.9
2024-01-22,3864.42,3864.41,3774.4,3791.73,217092297.0
2024-01-23,3786.62,3818.72,3757.37,3786.77,139367444.0
2024-01-24,3782.93,3818.17,3765.96,3782.78,147305323.4
2024-01-25,3781.89,3789.28,3735.26,3764.38,119476278.7
2024-01-28,3762.37,3785.37,3736.67,3785.37,145647915.9
2024-01-29,3782.54,3803.53,3764.55,3783.18,122602777.8
2024-01-30,3781.68,3811.58,3754.38,3771.56,140555047.0
2024-01-31,3776.6,3790.34,3710.01,3731.19,116868000.7
2024-02-01,3731.19,3742.03,3660.44,3676.25,99888791.2
2024-02-04,3681.02,3689.54,3638.1,3668.96,135583779.2
2024-02-05,3668.88,3692.26,3666.52,3686.93,123302582.3
2024-02-06,3683.18,3717.66,3676.06,3717.66,111504885.6
2024-02-07,3715.03,3721.19,3705.22,3717.93,91923994.6
2024-02-08,3715.87,3740.62,3690.8,3738.71,109428187.5
2024-02-11,3741.38,3752.91,3715.41,3722.67,152005536.9
2024-02-12,3716.98,3734.69,3702.05,3734.69,104628858.0
2024-02-13,3738.89,3739.37,3668.69,3676.77,127884531.8
2024-02-14,3676.51,3691.77,3668.77,3689.35,90459587.1
2024-02-15,3688.57,3707.25,3656.2,3671.96,102064066.5
2024-02-18,3674.14,3674.57,3610.89,3633.02,100666630.8
2024-02-20,3633.44,3633.77,3589.13,3605.81,109986079.5
2024-02-21,3606.14,3626.94,3585.76,3596.11,105436431.0
2024-02-22,3596.77,3600.23,3563.82,3577.36,149014555.0
2024-02-25,3577.87,3578.39,3516.95,3529.09,135408349.2
2024-02-26,3528.8,3536.35,3495.42,3526.97,77265165.7
2024-02-27,3526.45,3546.65,3504.85,3539.85,110529895.0
2024-02-28,3538.84,3557.12,3512.5,3534.35,68975379.7
2024-02-29,3534.36,3538.63,3478.73,3489.43,113882306.8
2024-03-03,3488.84,3495.83,3431.18,3471.39,92277040.4
2024-03-04,3469.06,3578.69,3469.05,3578.69,6693085.32
2024-03-05,3611.32,3613.67,3515.48,3533.14,148899946.2
2024-03-06,3532.19,3577.09,3513.3,3558.17,141165963.9
2024-03-07,3561.73,3594.61,3558.36,3587.21,137805898.5
2024-03-10,3585.72,3746.52,3583.69,3738.35,347338901.8
2024-03-12,3750.07,3927.42,3749.07,3927.42,524053234.0
2024-03-13,3937.69,3984.68,3913.31,3944.93,378470187.8
2024-03-14,3946.33,3947.47,3836.09,3862.42,340382913.3
2024-03-17,3861.03,3906.6,3843.83,3860.9,343119153.6
2024-03-18,3857.04,3885.92,3836.42,3885.16,267962666.7
2024-03-19,3884.75,3988.64,3880.57,3964.21,481397565.7
2024-03-20,3966.53,4133.01,3966.53,4063.91,1011319214.1
2024-03-21,4062.05,4088.36,3985.54,4010.25,395888091.7
2024-03-25,4017.33,4017.32,3908.62,3919.62,355755058.8
2024-03-26,3919.04,3965.85,3917.31,3936.26,260650564.2
2024-03-27,3940.92,3954.84,3880.81,3908.93,289096768.3
2024-03-28,3915.16,3920.78,3875.81,3890.09,215633970.8
2024-03-31,3888.7,3891.06,3831.29,3843.17,229207469.0
2024-04-01,3843.03,3845.86,3813.44,3837.77,218681639.6
2024-04-02,3836.81,3932.17,3835.15,3910.34,354543879.9
2024-04-03,3907.77,3982.59,3904.63,3974.9,446547847.7
2024-04-04,3972.87,4114.29,3964.68,4069.86,760154409.0
2024-04-07,4073.06,4132.01,4071.34,4098.24,604126431.9
2024-04-09,4099.62,4125.79,4037.0,4051.49,487923847.8
2024-04-10,4051.41,4062.14,3973.14,4004.77,382972131.3
2024-04-14,4002.58,4093.72,3982.26,4081.36,440168941.8
2024-04-15,4073.95,4133.39,4044.21,4060.87,464309977.5
2024-04-16,4052.06,4052.06,3997.91,4013.39,204624524.0
2024-04-18,4011.96,4011.96,3932.36,3944.2,245444296.4
2024-04-21,3941.35,3976.49,3901.68,3975.95,209835234.7
2024-04-22,3969.82,3990.76,3922.54,3937.23,225131979.3
2024-04-24,3933.55,3959.95,3924.84,3935.16,186652140.7
2024-04-25,3932.89,3948.62,3903.61,3920.79,168438374.2
2024-04-28,3919.4,3981.99,3917.87,3975.71,235708476.8
2024-04-29,3970.01,3989.5,3957.3,3975.51,204954183.5
2024-04-30,3973.68,4044.03,3958.5,4031.62,347906958.9
2024-05-02,4027.61,4221.71,4026.24,4170.76,862644123.6
2024-05-05,4182.06,4292.61,4162.49,4177.28,954502035.0
2024-05-06,4175.19,4179.41,4089.34,4101.59,447353392.3
2024-05-07,4103.52,4213.66,4091.25,4201.57,645186081.6
2024-05-08,4205.5,4318.96,4204.81,4317.72,930850986.6
2024-05-09,4321.68,4347.42,4255.97,4278.77,729108008.3
2024-05-12,4275.45,4276.26,4197.84,4220.96,619671412.5
2024-05-13,4232.02,4251.19,4207.17,4251.15,547311778.2
2024-05-14,4257.32,4403.62,4254.26,4397.5,1176240739.3
2024-05-15,4407.05,4463.84,4358.28,4370.64,894881783.4
2024-05-16,4366.18,4567.53,4361.37,4536.97,1453171861.5
2024-05-16,4366.18,4567.53,4361.37,4536.97,1453171861.5
2024-05-19,4579.78,4601.27,4503.26,4598.95,1135981458.0
2024-05-20,4603.68,4676.22,4546.98,4568.81,1158784723.5
2024-05-21,4563.24,4644.86,4534.75,4636.41,909277087.1
2024-05-22,4639.15,4667.43,4560.89,4585.34,1064350200.2
2024-05-26,4608.99,4616.46,4481.07,4503.65,841257134.7
2024-05-27,4511.94,4542.76,4487.25,4523.06,561225266.1
2024-05-29,4536.67,4552.47,4419.83,4445.3,605804343.9
2024-05-30,4448.41,4448.41,4352.77,4357.91,595265107.8
2024-06-02,4354.94,4386.32,4345.82,4380.72,497770259.9
2024-06-03,4376.95,4525.4,4365.62,4487.52,676369775.7
2024-06-04,4491.08,4593.79,4487.35,4553.95,1013031684.3
2024-06-05,4552.01,4627.96,4546.75,4614.03,1018430344.6
2024-06-06,4606.66,4703.72,4606.12,4656.35,1277107103.0
2024-06-09,4666.42,4687.94,4592.74,4605.21,1153838959.5
2024-06-10,4602.09,4637.28,4589.59,4633.78,831107047.1
2024-06-11,4647.09,4692.04,4626.4,4682.75,784845149.2
2024-06-12,4680.26,4748.4,4675.68,4724.03,968022085.6
2024-06-13,4728.33,4763.77,4688.61,4705.66,1055415582.1
2024-06-16,4704.44,4714.55,4601.61,4625.09,817475857.5
2024-06-18,4621.48,4624.38,4576.28,4595.28,697302784.9
2024-06-19,4589.04,4632.84,4577.72,4602.16,608522352.4
2024-06-20,4602.21,4608.07,4554.16,4572.09,562854964.4
2024-06-23,4569.69,4571.12,4502.08,4515.53,511038161.3
2024-06-24,4508.01,4602.16,4496.04,4577.29,940646420.7
2024-06-25,4578.38,4600.61,4572.48,4593.1,691684739.8
2024-06-26,4589.86,4621.27,4554.58,4570.74,731034789.1
2024-06-27,4575.19,4576.03,4516.85,4526.9,436107574.8
2024-06-30,4522.72,4528.31,4456.88,4464.52,514343918.0
2024-07-01,4464.98,4488.15,4448.62,4478.91,355758954.5
2024-07-02,4514.04,4695.98,4514.04,4544.16,444035350.1
2024-07-03,4545.27,4556.25,4499.84,4537.65,488273782.1
2024-07-04,4537.35,4575.49,4530.06,4547.23,458465785.2
2024-07-07,4550.97,4615.35,4550.79,4613.84,627839707.8
2024-07-08,4624.68,4656.52,4607.37,4656.52,655217866.7
2024-07-09,4653.99,4805.66,4645.72,4799.21,1194827432.6
2024-07-10,4814.84,4924.04,4812.32,4873.15,1247261995.7
2024-07-11,4897.7,4915.22,4824.09,4847.24,867620294.8
2024-07-14,4899.41,5004.88,4858.91,4887.38,731908583.4
2024-07-15,4907.58,4943.42,4799.59,4818.4,700052767.6
2024-07-16,4816.79,4930.02,4803.63,4929.71,665651091.0
2024-07-17,4928.9,5020.55,4921.96,5020.55,929697152.4
2024-07-18,5035.71,5231.2,5032.49,5159.95,1738055875.3
2024-07-21,5171.66,5251.82,5137.24,5243.24,1355046347.3
2024-07-22,5248.1,5275.12,5147.72,5215.15,1077754437.4
2024-07-23,5222.64,5288.19,5192.73,5287.91,1157270277.7
2024-07-24,5293.63,5330.19,5171.08,5215.3,1235149227.4
2024-07-25,5223.45,5571.54,5220.74,5571.14,2549109194.5
2024-07-28,5632.81,5756.89,5402.64,5561.07,1574457608.1
2024-07-29,5575.34,5575.76,5339.65,5354.68,1699042636.1
2024-07-30,5379.07,5433.33,5255.5,5407.39,1177262064.7
2024-07-31,5408.09,5464.74,5408.08,5441.78,1396472157.43
2024-08-01,5441.1,5508.03,5380.29,5396.83,1311389399.7
2024-08-05,5379.95,5396.18,5310.71,5355.82,1070377060.0
2024-08-06,5355.95,5374.83,5131.82,5150.64,1364663704.7
2024-08-07,5139.38,5262.51,5137.94,5262.51,969784548.7
2024-08-08,5269.48,5316.96,5210.82,5239.06,894831645.5
2024-08-11,5254.25,5469.95,5254.24,5469.42,1759005498.3
2024-08-12,5510.87,5661.04,5503.09,5528.89,1503267204.2
2024-08-13,5541.48,5596.97,5427.66,5466.08,1105684770.8
2024-08-14,5448.34,5469.86,5344.64,5427.5,1214074690.2
2024-08-15,5460.54,5495.1,5407.53,5419.98,1409471864.8
2024-08-18,5438.27,5541.6,5373.67,5402.9,1535731069.2
2024-08-21,5414.68,5487.43,5356.66,5373.38,1076178477.9
2024-08-22,5372.11,5408.86,5345.45,5372.21,980814541.4
2024-08-25,5374.77,5609.3,5282.7,5430.62,1873277599.4
2024-08-27,5444.88,5488.75,5242.47,5269.42,1184700329.7
2024-08-28,5282.96,5351.27,5178.67,5212.35,753987957.0
2024-08-29,5212.36,5224.47,5071.14,5107.24,795422827.2
2024-09-01,5105.49,5152.91,4996.1,5011.07,771099475.9
2024-09-02,5013.4,5178.28,4996.78,5178.28,708277919.4
2024-09-03,5174.28,5247.92,5149.15,5197.96,647690667.1
2024-09-04,5202.02,5298.74,5104.07,5125.99,1152374255.7
2024-09-05,5114.79,5292.6,5061.33,5212.4,1098661353.6
2024-09-08,5215.68,5394.44,5215.67,5275.5,1505820328.0
2024-09-09,5269.48,5285.17,5124.4,5152.56,784440719.6
2024-09-10,5152.03,5196.5,5065.46,5105.53,504971066.7
2024-09-11,5101.3,5154.49,5057.98,5077.86,699993295.3
2024-09-12,5082.13,5158.69,5070.03,5158.59,674072051.3
2024-09-15,5158.59,5222.09,5040.13,5061.28,736137783.9
2024-09-16,5065.93,5070.8,4904.29,4938.15,586320351.0
2024-09-18,4936.81,4943.83,4862.36,4885.11,429159167.1
2024-09-22,4884.43,4984.34,4843.49,4875.97,322427170.8
2024-09-23,4872.42,4881.04,4727.33,4751.08,450314243.5
2024-09-24,4746.82,4775.59,4611.65,4638.0,437502092.1
2024-09-25,4633.39,4708.64,4587.57,4707.54,360851466.4
2024-09-26,4700.42,4734.57,4617.64,4645.47,309290797.7
2024-09-29,4649.72,4668.1,4597.73,4637.1,242584658.7
2024-09-30,4634.54,4724.9,4621.63,4723.16,277810221.0
2024-10-01,4722.87,4911.4,4714.11,4911.4,548054228.5
2024-10-02,4909.3,4940.98,4821.15,4862.78,405669311.2
2024-10-06,4859.84,4934.69,4838.14,4934.36,231329029.2
2024-10-07,4943.3,5020.82,4942.29,5008.92,368301196.0
2024-10-08,5006.38,5010.57,4930.89,4962.91,259781744.5
2024-10-09,4957.86,4976.99,4917.79,4971.77,216068150.4
2024-10-15,4970.28,5008.89,4961.29,5007.82,139057190.8
2024-10-16,5005.39,5082.37,4998.74,5082.37,257423365.2
2024-10-17,5079.88,5114.31,5063.39,5072.62,369089317.7
2024-10-20,5068.97,5071.58,4971.16,4995.15,374904102.74
2024-10-21,4994.92,4999.23,4872.79,4900.65,309864128.5
2024-10-22,4899.41,4937.08,4875.16,4933.24,207066275.28
2024-10-23,4934.41,4939.05,4895.8,4917.07,207883793.2
2024-10-24,4922.91,4926.8,4855.32,4876.78,272172621.8
2024-10-27,4881.03,4889.27,4815.17,4840.94,274336528.9
2024-10-28,4841.21,4902.69,4838.98,4902.09,256098739.9
2024-10-29,4901.33,4976.51,4900.32,4976.08,288385524.8
2024-10-30,4974.34,4989.31,4945.06,4968.75,282690667.3
2024-11-05,4968.75,4990.71,4938.87,4965.24,196410510.5
2024-11-06,4969.43,4975.85,4941.67,4961.32,251224795.8
2024-11-10,4960.37,5036.72,4947.06,5036.72,456172354.3
2024-11-11,5035.12,5235.7,5035.12,5198.19,977065007.9
2024-11-12,5195.27,5254.65,5142.1,5162.96,652433404.7
2024-11-13,5167.4,5173.34,5115.54,5143.81,502880848.4
2024-11-14,5138.2,5189.55,5131.68,5183.66,911920786.7
2024-11-17,5191.45,5276.21,5186.92,5250.02,1289778261.1
2024-11-19,5263.59,5265.37,5141.35,5170.97,1166103619.4
2024-11-20,5171.95,5182.51,5127.36,5175.06,456924027.6
2024-11-21,5170.38,5214.92,5119.42,5139.58,1006514930.4
2024-11-24,5149.92,5165.26,5080.64,5091.09,535856673.38
2024-11-25,5090.06,5112.24,5073.51,5101.06,425494332.2
2024-11-26,5096.89,5145.3,5091.48,5144.53,485681575.3
2024-11-27,5142.92,5194.41,5137.41,5194.41,825235756.3
2024-11-28,5192.8,5201.43,5149.51,5161.85,687752383.5
2024-12-01,5151.52,5151.52,5089.59,5113.95,480472891.3
2024-12-02,5122.38,5148.4,5099.87,5121.79,610487655.7
2024-12-03,5121.95,5140.83,5084.97,5105.06,457691771.2
2024-12-04,5119.95,5134.18,5086.77,5111.28,572613551.1
2024-12-05,5110.19,5115.29,5030.5,5052.92,563968894.0
2024-12-08,5048.58,5057.24,4941.88,4976.74,462934395.4
2024-12-09,4979.65,4994.31,4909.31,4946.35,352030120.9
2024-12-10,4948.12,4976.63,4916.92,4953.16,380869961.6
2024-12-11,4954.26,4975.59,4924.81,4974.34,259253477.0
2024-12-12,4980.5,5020.67,4921.46,4939.98,510687245.5
2024-12-16,4947.2,4947.2,4829.37,4847.68,310137130.1
2024-12-17,4851.62,4881.0,4814.37,4874.95,299783182.1
2024-12-18,4880.28,4922.78,4859.04,4879.34,444107477.7
2024-12-19,4880.94,4891.0,4815.25,4844.5,457049208.0
2024-12-22,4842.39,4863.93,4783.2,4825.16,389095838.0
2024-12-23,4819.93,4864.75,4803.6,4864.36,413225895.6
2024-12-24,4865.05,4930.84,4854.52,4915.27,448304764.7
2024-12-26,4912.93,4928.86,4893.14,4922.47,638903288.7
2024-12-29,4921.9,5033.01,4909.42,4977.97,798979106.3
2024-12-31,4974.35,4978.5,4850.25,4907.72,502058375.7
2025-01-01,4906.58,4915.03,4866.76,4899.76,362167519.8
2025-01-02,4882.8,4909.37,4849.38,4889.33,401168975.3
2025-01-05,4882.29,4882.29,4836.53,4882.01,409377854.4
2025-01-06,4875.65,4920.89,4870.29,4918.87,542463580.3
2025-01-07,4911.96,4945.8,4889.65,4940.64,378962555.5
2025-01-08,4958.36,5047.93,4954.02,5019.34,511447981.8
2025-01-09,5009.79,5013.09,4947.93,4956.17,333850142.3
2025-01-12,4956.94,4966.46,4892.29,4912.98,264638634.7
2025-01-13,4901.71,4924.56,4864.84,4891.02,371539248.6
2025-01-15,4886.34,4905.04,4852.23,4865.4,293318861.5
2025-01-16,4859.38,4884.92,4817.14,4838.26,327371155.8
2025-01-19,4842.01,4855.5,4822.73,4852.05,362385064.8
2025-01-20,4850.78,4892.02,4841.92,4849.92,400040316.2
2025-01-21,4852.91,4863.2,4821.59,4851.51,295442899.0
2025-01-22,4853.94,4908.99,4835.9,4903.58,366618694.1
2025-01-23,4919.92,4920.92,4883.12,4903.0,457756818.2
2025-01-26,4902.1,4959.58,4901.43,4939.82,681906410.2
2025-01-27,4936.15,4965.39,4923.07,4941.93,581401705.3
2025-01-28,4930.52,4965.82,4923.32,4965.81,588430159.9
2025-02-02,4969.42,5210.32,4961.1,5210.32,1179698640.0
2025-02-03,5209.6,5296.83,5190.45,5215.9,977320319.6
2025-02-04,5229.86,5240.84,5143.76,5182.11,756785113.6
2025-02-05,5178.3,5191.64,5128.19,5168.35,633926121.3
2025-02-06,5169.42,5169.42,5123.25,5137.42,646707270.4
2025-02-09,5133.04,5156.44,5110.26,5150.5,717128646.9
2025-02-10,5154.43,5187.76,5114.12,5136.24,513097458.4
2025-02-11,5135.05,5161.27,5121.49,5133.92,525749049.0
2025-02-12,5129.93,5162.55,5120.62,5128.21,586665041.4
2025-02-13,5125.47,5147.27,5114.1,5137.45,611495599.2
2025-02-16,5138.14,5233.19,5138.14,5233.19,1043064779.2
2025-02-17,5234.46,5384.96,5232.92,5361.91,1417477414.0
2025-02-18,5362.55,5386.68,5295.12,5319.09,1068102780.3
2025-02-20,5323.45,5338.74,5279.45,5302.9,751491127.7
2025-02-23,5281.48,5286.12,5190.53,5267.81,942667028.9
2025-02-24,5265.69,5293.09,5212.88,5234.54,749139408.2
2025-02-25,5238.69,5242.85,5205.23,5226.22,571991414.3
2025-02-27,5272.0,5369.36,5258.82,5273.97,598843505.9
2025-03-02,5266.73,5345.66,5266.73,5345.66,805188173.0
2025-03-03,5350.31,5391.12,5275.63,5302.04,766517520.3
2025-03-04,5301.78,5306.67,5206.47,5226.97,921039293.5
2025-03-05,5226.45,5236.62,5170.99,5200.74,682501931.1
2025-03-06,5194.68,5215.44,5177.1,5203.46,786821467.0
2025-03-09,5200.24,5201.15,5100.65,5120.96,557282855.6
2025-03-10,5116.77,5148.79,5064.87,5088.45,556667765.5
2025-03-11,5088.19,5088.19,5011.68,5043.0,383127649.1
2025-03-12,5042.09,5049.55,5014.21,5028.91,257270572.4
2025-03-16,5020.8,5031.15,4953.16,4984.63,331594052.1
2025-03-17,4976.63,5019.92,4953.9,4983.74,418123580.4
2025-03-18,4967.78,5000.69,4952.72,4968.21,275593942.1
2025-03-19,4966.0,4972.04,4913.75,4944.05,369118852.2
2025-03-20,4947.95,4958.78,4905.47,4911.2,257497074.6
2025-03-23,4902.29,4908.33,4790.86,4794.95,401076218.7
2025-03-24,4792.7,4839.3,4751.4,4833.0,286897398.3
2025-03-25,4829.99,4829.98,4705.76,4712.53,336392404.5
2025-03-26,4714.37,4784.67,4702.62,4773.9,260521538.6
2025-03-27,4773.46,4888.18,4761.69,4880.3,399858762.5
2025-03-30,4879.38,4940.18,4860.02,4910.9,406927866.4
2025-04-01,4916.8,4921.4,4825.82,4856.45,277004115.3
2025-04-02,4845.45,4879.79,4832.94,4865.19,247057888.8
2025-04-03,4865.44,4885.29,4841.9,4846.89,326518789.6
2025-04-07,4847.63,4847.7,4786.8,4796.54,252916119.2
2025-04-08,4793.22,4805.35,4741.0,4792.51,243412478.0
2025-04-09,4790.62,4838.42,4786.47,4803.18,219209420.0
2025-04-10,4802.51,4826.4,4794.19,4821.53,296924806.3
2025-04-13,4821.95,4821.94,4785.69,4808.58,240884298.2
2025-04-15,4808.45,4853.36,4798.62,4837.81,234558433.4
2025-04-16,4837.32,4856.34,4821.42,4834.87,266588173.3
2025-04-17,4837.87,4884.74,4825.72,4865.64,346083987.8
2025-04-20,4858.64,4879.8,4831.07,4839.0,308022403.1
2025-04-21,4838.38,4844.07,4806.03,4833.46,240186093.6
2025-04-22,4831.35,4847.29,4809.96,4817.38,224432364.0
2025-04-23,4821.73,4825.07,4765.57,4766.86,213491153.9
2025-04-24,4767.65,4775.93,4729.87,4744.73,256556164.5
2025-04-27,4745.39,4751.13,4694.25,4700.07,318502326.8
2025-04-28,4703.93,4705.11,4657.86,4664.28,285905343.5
2025-04-29,4664.35,4673.52,4626.68,4627.85,218025651.4
2025-04-30,4626.13,4655.75,4612.48,4629.8,265804925.9
2025-05-04,4634.5,4642.71,4611.21,4617.89,254551053.7
2025-05-05,4619.61,4655.57,4606.18,4623.12,234947575.7
2025-05-06,4624.48,4647.31,4603.94,4608.92,221716738.9
2025-05-07,4614.08,4724.87,4597.94,4712.34,248704635.8
2025-05-08,4711.48,4739.51,4677.31,4705.99,264848233.6
2025-05-11,4710.75,4724.16,4678.28,4694.94,307340153.1
2025-05-13,4693.61,4707.9,4641.03,4662.12,285039589.5
2025-05-14,4664.98,4667.45,4643.55,4649.61,220148721.4
2025-05-15,4650.45,4658.59,4631.51,4646.81,253702145.9
2025-05-18,4646.71,4739.4,4645.57,4703.79,393212701.5
2025-05-19,4701.23,4738.57,4689.09,4710.31,313303828.7
2025-05-20,4717.2,4777.76,4670.23,4763.6,206101337.7
2025-05-21,4802.4,4911.57,4733.65,4738.92,363102179.3
2025-05-22,4740.87,4874.37,4740.86,4861.42,669801109.7
2025-05-25,4876.02,4988.59,4871.93,4974.42,891333586.1
2025-05-26,5014.06,5052.06,4883.36,4899.57,588587787.0
2025-05-27,4904.13,4904.13,4841.13,4843.85,356082388.5
2025-05-28,4850.57,4850.62,4793.75,4831.23,274928890.2
2025-06-02,4845.28,4879.99,4813.08,4825.04,263061582.3
2025-06-03,4827.18,4829.36,4749.54,4763.69,314249915.5
2025-06-04,4769.38,4771.61,4717.3,4724.18,180449763.7
2025-06-05,4722.35,4755.67,4696.94,4705.11,222166318.9
2025-06-08,4705.04,4705.83,4655.26,4671.76,271005688.5
2025-06-09,4677.59,4701.85,4664.68,4694.42,171606739.6
2025-06-10,4693.8,4729.8,4691.43,4723.09,220968806.0
2025-06-11,4720.85,4733.72,4686.36,4703.71,206529109.6
2025-06-12,4701.63,4702.12,4675.77,4682.67,246736845.5
2025-06-15,4688.04,4696.01,4663.79,4667.88,217782222.4
2025-06-16,4669.3,4717.59,4660.72,4695.73,249064230.4
2025-06-17,4695.18,4791.27,4695.18,4747.5,425619849.9
2025-06-18,4751.27,4773.7,4709.25,4721.85,324350206.4
2025-06-19,4722.78,4723.39,4671.25,4671.74,248602069.5
2025-06-22,4672.38,4674.55,4613.08,4617.58,273639322.8
2025-06-23,4615.91,4623.25,4596.66,4618.45,173856771.9
2025-06-24,4622.21,4663.68,4615.98,4627.42,197739433.2
2025-06-25,4627.65,4637.08,4604.51,4617.49,143621879.0
2025-06-26,4617.49,4633.8,4612.87,4623.9,214298543.2
2025-06-29,4626.24,4718.09,4626.18,4697.2,304822208.7
2025-06-30,4694.13,4747.65,4690.86,4740.48,289210411.8
2025-07-01,4742.43,4854.75,4741.08,4845.73,495450661.3
2025-07-02,4849.52,4891.42,4845.28,4873.04,586319816.9
2025-07-03,4878.09,4881.91,4830.83,4862.27,395334338.6
